,Code du département,Libellé du département,Code de la circonscription,Libellé de la circonscription,Inscrits,Abstentions,% Abs/Ins,Votants,% Vot/Ins,Blancs et nuls,% BlNuls/Ins,% BlNuls/Vot,Exprimés,% Exp/Ins,% Exp/Vot,Sexe.4,Nom.4,Prénom.4,Voix.4,% Voix/Ins.4,% Voix/Exp.4
0,1,AIN,1,1ère circonscription,79016,12872,16.29,66144,83.71,1392,1.76,2.1,64752,81.95,97.9,M,POUTOU,Philippe,697,0.88,1.08
1,1,AIN,2,2ème circonscription,86823,13126,15.12,73697,84.88,1380,1.59,1.87,72317,83.29,98.13,M,POUTOU,Philippe,634,0.73,0.88
2,1,AIN,3,3ème circonscription,69832,13522,19.36,56310,80.64,1030,1.47,1.83,55280,79.16,98.17,M,POUTOU,Philippe,604,0.86,1.09
3,1,AIN,4,4ème circonscription,84491,13160,15.58,71331,84.42,1484,1.76,2.08,69847,82.67,97.92,M,POUTOU,Philippe,680,0.8,0.97
4,1,AIN,5,5ème circonscription,73646,13316,18.08,60330,81.92,1167,1.58,1.93,59163,80.33,98.07,M,POUTOU,Philippe,708,0.96,1.2
5,2,AISNE,1,1ère circonscription,72609,13614,18.75,58995,81.25,968,1.33,1.64,58027,79.92,98.36,M,POUTOU,Philippe,836,1.15,1.44
6,2,AISNE,2,2ème circonscription,73200,13682,18.69,59518,81.31,957,1.31,1.61,58561,80.0,98.39,M,POUTOU,Philippe,593,0.81,1.01
7,2,AISNE,3,3ème circonscription,70339,13669,19.43,56670,80.57,1027,1.46,1.81,55643,79.11,98.19,M,POUTOU,Philippe,768,1.09,1.38
8,2,AISNE,4,4ème circonscription,78925,17009,21.55,61916,78.45,1048,1.33,1.69,60868,77.12,98.31,M,POUTOU,Philippe,753,0.95,1.24
9,2,AISNE,5,5ème circonscription,80995,14954,18.46,66041,81.54,1196,1.48,1.81,64845,80.06,98.19,M,POUTOU,Philippe,910,1.12,1.4
10,3,ALLIER,1,1ère circonscription,90369,15296,16.93,75073,83.07,1797,1.99,2.39,73276,81.09,97.61,M,POUTOU,Philippe,938,1.04,1.28
11,3,ALLIER,2,2ème circonscription,86813,16197,18.66,70616,81.34,1719,1.98,2.43,68897,79.36,97.57,M,POUTOU,Philippe,894,1.03,1.3
12,3,ALLIER,3,3ème circonscription,79093,13773,17.41,65320,82.59,1543,1.95,2.36,63777,80.64,97.64,M,POUTOU,Philippe,752,0.95,1.18
13,4,ALPES DE HAUTE PROVENCE,1,1ère circonscription,60613,9935,16.39,50678,83.61,1087,1.79,2.14,49591,81.82,97.86,M,POUTOU,Philippe,722,1.19,1.46
14,4,ALPES DE HAUTE PROVENCE,2,2ème circonscription,63320,11099,17.53,52221,82.47,1024,1.62,1.96,51197,80.85,98.04,M,POUTOU,Philippe,672,1.06,1.31
15,5,HAUTES ALPES,1,1ère circonscription,56117,9546,17.01,46571,82.99,946,1.69,2.03,45625,81.3,97.97,M,POUTOU,Philippe,498,0.89,1.09
16,5,HAUTES ALPES,2,2ème circonscription,50748,8700,17.14,42048,82.86,896,1.77,2.13,41152,81.09,97.87,M,POUTOU,Philippe,654,1.29,1.59
17,6,ALPES MARITIMES,1,1ère circonscription,82234,19054,23.17,63180,76.83,961,1.17,1.52,62219,75.66,98.48,M,POUTOU,Philippe,389,0.47,0.63
18,6,ALPES MARITIMES,2,2ème circonscription,82299,15611,18.97,66688,81.03,1067,1.3,1.6,65621,79.73,98.4,M,POUTOU,Philippe,561,0.68,0.85
19,6,ALPES MARITIMES,3,3ème circonscription,87319,18562,21.26,68757,78.74,1003,1.15,1.46,67754,77.59,98.54,M,POUTOU,Philippe,433,0.5,0.64
20,6,ALPES MARITIMES,4,4ème circonscription,84775,17910,21.13,66865,78.87,1087,1.28,1.63,65778,77.59,98.37,M,POUTOU,Philippe,515,0.61,0.78
21,6,ALPES MARITIMES,5,5ème circonscription,85302,16616,19.48,68686,80.52,1007,1.18,1.47,67679,79.34,98.53,M,POUTOU,Philippe,458,0.54,0.68
22,6,ALPES MARITIMES,6,6ème circonscription,76051,15412,20.27,60639,79.73,984,1.29,1.62,59655,78.44,98.38,M,POUTOU,Philippe,358,0.47,0.6
23,6,ALPES MARITIMES,7,7ème circonscription,89503,17420,19.46,72083,80.54,1139,1.27,1.58,70944,79.26,98.42,M,POUTOU,Philippe,503,0.56,0.71
24,6,ALPES MARITIMES,8,8ème circonscription,80621,17291,21.45,63330,78.55,913,1.13,1.44,62417,77.42,98.56,M,POUTOU,Philippe,372,0.46,0.6
25,6,ALPES MARITIMES,9,9ème circonscription,77184,15507,20.09,61677,79.91,902,1.17,1.46,60775,78.74,98.54,M,POUTOU,Philippe,459,0.59,0.76
26,7,ARDECHE,1,1ère circonscription,76468,12521,16.37,63947,83.63,1287,1.68,2.01,62660,81.94,97.99,M,POUTOU,Philippe,848,1.11,1.35
27,7,ARDECHE,2,2ème circonscription,90863,13815,15.2,77048,84.8,1557,1.71,2.02,75491,83.08,97.98,M,POUTOU,Philippe,1043,1.15,1.38
28,7,ARDECHE,3,3ème circonscription,76020,12224,16.08,63796,83.92,1229,1.62,1.93,62567,82.3,98.07,M,POUTOU,Philippe,859,1.13,1.37
29,8,ARDENNES,1,1ère circonscription,73103,14393,19.69,58710,80.31,902,1.23,1.54,57808,79.08,98.46,M,POUTOU,Philippe,756,1.03,1.31
30,8,ARDENNES,2,2ème circonscription,64937,14652,22.56,50285,77.44,828,1.28,1.65,49457,76.16,98.35,M,POUTOU,Philippe,595,0.92,1.2
31,8,ARDENNES,3,3ème circonscription,58539,11463,19.58,47076,80.42,750,1.28,1.59,46326,79.14,98.41,M,POUTOU,Philippe,630,1.08,1.36
32,9,ARIEGE,1,1ère circonscription,56627,9096,16.06,47531,83.94,827,1.46,1.74,46704,82.48,98.26,M,POUTOU,Philippe,689,1.22,1.48
33,9,ARIEGE,2,2ème circonscription,59743,9406,15.74,50337,84.26,993,1.66,1.97,49344,82.59,98.03,M,POUTOU,Philippe,707,1.18,1.43
34,10,AUBE,1,1ère circonscription,64650,11496,17.78,53154,82.22,1013,1.57,1.91,52141,80.65,98.09,M,POUTOU,Philippe,544,0.84,1.04
35,10,AUBE,2,2ème circonscription,74378,13254,17.82,61124,82.18,1002,1.35,1.64,60122,80.83,98.36,M,POUTOU,Philippe,606,0.81,1.01
36,10,AUBE,3,3ème circonscription,64562,13189,20.43,51373,79.57,1451,2.25,2.82,49922,77.32,97.18,M,POUTOU,Philippe,482,0.75,0.97
37,11,AUDE,1,1ère circonscription,92914,14981,16.12,77933,83.88,1509,1.62,1.94,76424,82.25,98.06,M,POUTOU,Philippe,889,0.96,1.16
38,11,AUDE,2,2ème circonscription,83707,15194,18.15,68513,81.85,1313,1.57,1.92,67200,80.28,98.08,M,POUTOU,Philippe,802,0.96,1.19
39,11,AUDE,3,3ème circonscription,87667,13466,15.36,74201,84.64,1477,1.68,1.99,72724,82.95,98.01,M,POUTOU,Philippe,1033,1.18,1.42
40,12,AVEYRON,1,1ère circonscription,75555,10640,14.08,64915,85.92,1447,1.92,2.23,63468,84.0,97.77,M,POUTOU,Philippe,712,0.94,1.12
41,12,AVEYRON,2,2ème circonscription,70784,10822,15.29,59962,84.71,1536,2.17,2.56,58426,82.54,97.44,M,POUTOU,Philippe,777,1.1,1.33
42,12,AVEYRON,3,3ème circonscription,72008,10633,14.77,61375,85.23,1556,2.16,2.54,59819,83.07,97.46,M,POUTOU,Philippe,928,1.29,1.55
43,13,BOUCHES DU RHONE,1,1ère circonscription,73802,14407,19.52,59395,80.48,863,1.17,1.45,58532,79.31,98.55,M,POUTOU,Philippe,373,0.51,0.64
44,13,BOUCHES DU RHONE,2,2ème circonscription,77359,14536,18.79,62823,81.21,761,0.98,1.21,62062,80.23,98.79,M,POUTOU,Philippe,396,0.51,0.64
45,13,BOUCHES DU RHONE,3,3ème circonscription,70255,15360,21.86,54895,78.14,796,1.13,1.45,54099,77.0,98.55,M,POUTOU,Philippe,346,0.49,0.64
46,13,BOUCHES DU RHONE,4,4ème circonscription,58642,14914,25.43,43728,74.57,535,0.91,1.22,43193,73.66,98.78,M,POUTOU,Philippe,365,0.62,0.85
47,13,BOUCHES DU RHONE,5,5ème circonscription,68683,14378,20.93,54305,79.07,755,1.1,1.39,53550,77.97,98.61,M,POUTOU,Philippe,406,0.59,0.76
48,13,BOUCHES DU RHONE,6,6ème circonscription,72502,14707,20.28,57795,79.72,836,1.15,1.45,56959,78.56,98.55,M,POUTOU,Philippe,438,0.6,0.77
49,13,BOUCHES DU RHONE,7,7ème circonscription,62963,16999,27.0,45964,73.0,655,1.04,1.43,45309,71.96,98.57,M,POUTOU,Philippe,282,0.45,0.62
50,13,BOUCHES DU RHONE,8,8ème circonscription,92844,16919,18.22,75925,81.78,1254,1.35,1.65,74671,80.43,98.35,M,POUTOU,Philippe,632,0.68,0.85
51,13,BOUCHES DU RHONE,9,9ème circonscription,92567,16739,18.08,75828,81.92,1229,1.33,1.62,74599,80.59,98.38,M,POUTOU,Philippe,589,0.64,0.79
52,13,BOUCHES DU RHONE,10,10ème circonscription,100091,16793,16.78,83298,83.22,1428,1.43,1.71,81870,81.8,98.29,M,POUTOU,Philippe,633,0.63,0.77
53,13,BOUCHES DU RHONE,11,11ème circonscription,85219,16988,19.93,68231,80.07,983,1.15,1.44,67248,78.91,98.56,M,POUTOU,Philippe,401,0.47,0.6
54,13,BOUCHES DU RHONE,12,12ème circonscription,88672,16857,19.01,71815,80.99,1337,1.51,1.86,70478,79.48,98.14,M,POUTOU,Philippe,573,0.65,0.81
55,13,BOUCHES DU RHONE,13,13ème circonscription,90488,16840,18.61,73648,81.39,1345,1.49,1.83,72303,79.9,98.17,M,POUTOU,Philippe,848,0.94,1.17
56,13,BOUCHES DU RHONE,14,14ème circonscription,93914,17686,18.83,76228,81.17,1162,1.24,1.52,75066,79.93,98.48,M,POUTOU,Philippe,536,0.57,0.71
57,13,BOUCHES DU RHONE,15,15ème circonscription,98261,16534,16.83,81727,83.17,1465,1.49,1.79,80262,81.68,98.21,M,POUTOU,Philippe,741,0.75,0.92
58,13,BOUCHES DU RHONE,16,16ème circonscription,88504,16775,18.95,71729,81.05,1307,1.48,1.82,70422,79.57,98.18,M,POUTOU,Philippe,734,0.83,1.04
59,14,CALVADOS,1,1ère circonscription,70127,11951,17.04,58176,82.96,873,1.24,1.5,57303,81.71,98.5,M,POUTOU,Philippe,727,1.04,1.27
60,14,CALVADOS,2,2ème circonscription,66999,11924,17.8,55075,82.2,864,1.29,1.57,54211,80.91,98.43,M,POUTOU,Philippe,754,1.13,1.39
61,14,CALVADOS,3,3ème circonscription,78426,14343,18.29,64083,81.71,1086,1.38,1.69,62997,80.33,98.31,M,POUTOU,Philippe,953,1.22,1.51
62,14,CALVADOS,4,4ème circonscription,97698,17126,17.53,80572,82.47,1223,1.25,1.52,79349,81.22,98.48,M,POUTOU,Philippe,935,0.96,1.18
63,14,CALVADOS,5,5ème circonscription,86325,13853,16.05,72472,83.95,1099,1.27,1.52,71373,82.68,98.48,M,POUTOU,Philippe,930,1.08,1.3
64,14,CALVADOS,6,6ème circonscription,90972,13301,14.62,77671,85.38,1472,1.62,1.9,76199,83.76,98.1,M,POUTOU,Philippe,1086,1.19,1.43
65,15,CANTAL,1,1ère circonscription,64476,10520,16.32,53956,83.68,1183,1.83,2.19,52773,81.85,97.81,M,POUTOU,Philippe,619,0.96,1.17
66,15,CANTAL,2,2ème circonscription,56486,9846,17.43,46640,82.57,1007,1.78,2.16,45633,80.79,97.84,M,POUTOU,Philippe,599,1.06,1.31
67,16,CHARENTE,1,1ère circonscription,84091,16656,19.81,67435,80.19,1251,1.49,1.86,66184,78.71,98.14,M,POUTOU,Philippe,836,0.99,1.26
68,16,CHARENTE,2,2ème circonscription,84766,15170,17.9,69596,82.1,1602,1.89,2.3,67994,80.21,97.7,M,POUTOU,Philippe,1060,1.25,1.56
69,16,CHARENTE,3,3ème circonscription,91908,14815,16.12,77093,83.88,1812,1.97,2.35,75281,81.91,97.65,M,POUTOU,Philippe,1188,1.29,1.58
70,17,CHARENTE MARITIME,1,1ère circonscription,98777,18504,18.73,80273,81.27,1336,1.35,1.66,78937,79.91,98.34,M,POUTOU,Philippe,924,0.94,1.17
71,17,CHARENTE MARITIME,2,2ème circonscription,97478,17224,17.67,80254,82.33,1569,1.61,1.96,78685,80.72,98.04,M,POUTOU,Philippe,1114,1.14,1.42
72,17,CHARENTE MARITIME,3,3ème circonscription,81932,15313,18.69,66619,81.31,1419,1.73,2.13,65200,79.58,97.87,M,POUTOU,Philippe,1021,1.25,1.57
73,17,CHARENTE MARITIME,4,4ème circonscription,87772,15670,17.85,72102,82.15,1664,1.9,2.31,70438,80.25,97.69,M,POUTOU,Philippe,1078,1.23,1.53
74,17,CHARENTE MARITIME,5,5ème circonscription,105988,18767,17.71,87221,82.29,1740,1.64,1.99,85481,80.65,98.01,M,POUTOU,Philippe,1255,1.18,1.47
75,18,CHER,1,1ère circonscription,74882,14838,19.82,60044,80.18,1407,1.88,2.34,58637,78.31,97.66,M,POUTOU,Philippe,681,0.91,1.16
76,18,CHER,2,2ème circonscription,70193,14276,20.34,55917,79.66,1087,1.55,1.94,54830,78.11,98.06,M,POUTOU,Philippe,689,0.98,1.26
77,18,CHER,3,3ème circonscription,85842,16181,18.85,69661,81.15,1513,1.76,2.17,68148,79.39,97.83,M,POUTOU,Philippe,848,0.99,1.24
78,19,CORREZE,1,1ère circonscription,94710,12784,13.5,81926,86.5,1684,1.78,2.06,80242,84.72,97.94,M,POUTOU,Philippe,855,0.9,1.07
79,19,CORREZE,2,2ème circonscription,91991,14548,15.81,77443,84.19,1590,1.73,2.05,75853,82.46,97.95,M,POUTOU,Philippe,726,0.79,0.96
80,2A,CORSE SUD,1,1ère circonscription,47907,12148,25.36,35759,74.64,575,1.2,1.61,35184,73.44,98.39,M,POUTOU,Philippe,441,0.92,1.25
81,2A,CORSE SUD,2,2ème circonscription,53775,14025,26.08,39750,73.92,719,1.34,1.81,39031,72.58,98.19,M,POUTOU,Philippe,432,0.8,1.11
82,2B,HAUTE CORSE,1,1ère circonscription,54684,12970,23.72,41714,76.28,802,1.47,1.92,40912,74.82,98.08,M,POUTOU,Philippe,503,0.92,1.23
83,2B,HAUTE CORSE,2,2ème circonscription,63983,17553,27.43,46430,72.57,825,1.29,1.78,45605,71.28,98.22,M,POUTOU,Philippe,498,0.78,1.09
84,21,COTE D'OR,1,1ère circonscription,67618,10702,15.83,56916,84.17,895,1.32,1.57,56021,82.85,98.43,M,POUTOU,Philippe,430,0.64,0.77
85,21,COTE D'OR,2,2ème circonscription,66116,11425,17.28,54691,82.72,972,1.47,1.78,53719,81.25,98.22,M,POUTOU,Philippe,530,0.8,0.99
86,21,COTE D'OR,3,3ème circonscription,69129,12158,17.59,56971,82.41,1076,1.56,1.89,55895,80.86,98.11,M,POUTOU,Philippe,569,0.82,1.02
87,21,COTE D'OR,4,4ème circonscription,69026,11700,16.95,57326,83.05,1129,1.64,1.97,56197,81.41,98.03,M,POUTOU,Philippe,756,1.1,1.35
88,21,COTE D'OR,5,5ème circonscription,82900,14299,17.25,68601,82.75,1362,1.64,1.99,67239,81.11,98.01,M,POUTOU,Philippe,785,0.95,1.17
89,22,COTES D'ARMOR,1,1ère circonscription,89049,14320,16.08,74729,83.92,1302,1.46,1.74,73427,82.46,98.26,M,POUTOU,Philippe,912,1.02,1.24
90,22,COTES D'ARMOR,2,2ème circonscription,93735,12702,13.55,81033,86.45,1539,1.64,1.9,79494,84.81,98.1,M,POUTOU,Philippe,1022,1.09,1.29
91,22,COTES D'ARMOR,3,3ème circonscription,86224,11162,12.95,75062,87.05,1457,1.69,1.94,73605,85.36,98.06,M,POUTOU,Philippe,974,1.13,1.32
92,22,COTES D'ARMOR,4,4ème circonscription,79616,11242,14.12,68374,85.88,1189,1.49,1.74,67185,84.39,98.26,M,POUTOU,Philippe,1058,1.33,1.57
93,22,COTES D'ARMOR,5,5ème circonscription,102337,15027,14.68,87310,85.32,1484,1.45,1.7,85826,83.87,98.3,M,POUTOU,Philippe,1088,1.06,1.27
94,23,CREUSE,1,1ère circonscription,96875,17218,17.77,79657,82.23,1907,1.97,2.39,77750,80.26,97.61,M,POUTOU,Philippe,1156,1.19,1.49
95,24,DORDOGNE,1,1ère circonscription,75024,11916,15.88,63108,84.12,1291,1.72,2.05,61817,82.4,97.95,M,POUTOU,Philippe,856,1.14,1.38
96,24,DORDOGNE,2,2ème circonscription,81118,13278,16.37,67840,83.63,1385,1.71,2.04,66455,81.92,97.96,M,POUTOU,Philippe,878,1.08,1.32
97,24,DORDOGNE,3,3ème circonscription,69063,9941,14.39,59122,85.61,1557,2.25,2.63,57565,83.35,97.37,M,POUTOU,Philippe,802,1.16,1.39
98,24,DORDOGNE,4,4ème circonscription,86728,12151,14.01,74577,85.99,1600,1.84,2.15,72977,84.14,97.85,M,POUTOU,Philippe,997,1.15,1.37
99,25,DOUBS,1,1ère circonscription,72913,13374,18.34,59539,81.66,1057,1.45,1.78,58482,80.21,98.22,M,POUTOU,Philippe,636,0.87,1.09
100,25,DOUBS,2,2ème circonscription,76234,12908,16.93,63326,83.07,1165,1.53,1.84,62161,81.54,98.16,M,POUTOU,Philippe,641,0.84,1.03
101,25,DOUBS,3,3ème circonscription,65441,11288,17.25,54153,82.75,1114,1.7,2.06,53039,81.05,97.94,M,POUTOU,Philippe,650,0.99,1.23
102,25,DOUBS,4,4ème circonscription,67347,12373,18.37,54974,81.63,1110,1.65,2.02,53864,79.98,97.98,M,POUTOU,Philippe,700,1.04,1.3
103,25,DOUBS,5,5ème circonscription,77258,11834,15.32,65424,84.68,1558,2.02,2.38,63866,82.67,97.62,M,POUTOU,Philippe,818,1.06,1.28
104,26,DROME,1,1ère circonscription,72800,13545,18.61,59255,81.39,1057,1.45,1.78,58198,79.94,98.22,M,POUTOU,Philippe,571,0.78,0.98
105,26,DROME,2,2ème circonscription,87735,15463,17.62,72272,82.38,1274,1.45,1.76,70998,80.92,98.24,M,POUTOU,Philippe,753,0.86,1.06
106,26,DROME,3,3ème circonscription,102551,15317,14.94,87234,85.06,1565,1.53,1.79,85669,83.54,98.21,M,POUTOU,Philippe,1071,1.04,1.25
107,26,DROME,4,4ème circonscription,89970,15230,16.93,74740,83.07,1352,1.5,1.81,73388,81.57,98.19,M,POUTOU,Philippe,792,0.88,1.08
108,27,EURE,1,1ère circonscription,85312,16964,19.88,68348,80.12,1171,1.37,1.71,67177,78.74,98.29,M,POUTOU,Philippe,903,1.06,1.34
109,27,EURE,2,2ème circonscription,76980,13292,17.27,63688,82.73,1206,1.57,1.89,62482,81.17,98.11,M,POUTOU,Philippe,854,1.11,1.37
110,27,EURE,3,3ème circonscription,81704,13989,17.12,67715,82.88,1224,1.5,1.81,66491,81.38,98.19,M,POUTOU,Philippe,925,1.13,1.39
111,27,EURE,4,4ème circonscription,86667,16251,18.75,70416,81.25,1232,1.42,1.75,69184,79.83,98.25,M,POUTOU,Philippe,1026,1.18,1.48
112,27,EURE,5,5ème circonscription,87167,16774,19.24,70393,80.76,1252,1.44,1.78,69141,79.32,98.22,M,POUTOU,Philippe,876,1.0,1.27
113,28,EURE ET LOIR,1,1ère circonscription,87319,16630,19.05,70689,80.95,1236,1.42,1.75,69453,79.54,98.25,M,POUTOU,Philippe,799,0.92,1.15
114,28,EURE ET LOIR,2,2ème circonscription,71974,14963,20.79,57011,79.21,966,1.34,1.69,56045,77.87,98.31,M,POUTOU,Philippe,650,0.9,1.16
115,28,EURE ET LOIR,3,3ème circonscription,71254,13670,19.18,57584,80.82,1104,1.55,1.92,56480,79.27,98.08,M,POUTOU,Philippe,724,1.02,1.28
116,28,EURE ET LOIR,4,4ème circonscription,67237,11326,16.84,55911,83.16,1074,1.6,1.92,54837,81.56,98.08,M,POUTOU,Philippe,726,1.08,1.32
117,29,FINISTERE,1,1ère circonscription,85838,12548,14.62,73290,85.38,1284,1.5,1.75,72006,83.89,98.25,M,POUTOU,Philippe,1107,1.29,1.54
118,29,FINISTERE,2,2ème circonscription,77990,15802,20.26,62188,79.74,1169,1.5,1.88,61019,78.24,98.12,M,POUTOU,Philippe,786,1.01,1.29
119,29,FINISTERE,3,3ème circonscription,86160,13202,15.32,72958,84.68,1204,1.4,1.65,71754,83.28,98.35,M,POUTOU,Philippe,931,1.08,1.3
120,29,FINISTERE,4,4ème circonscription,82138,12209,14.86,69929,85.14,1069,1.3,1.53,68860,83.83,98.47,M,POUTOU,Philippe,909,1.11,1.32
121,29,FINISTERE,5,5ème circonscription,91166,13045,14.31,78121,85.69,1170,1.28,1.5,76951,84.41,98.5,M,POUTOU,Philippe,1028,1.13,1.34
122,29,FINISTERE,6,6ème circonscription,89318,13297,14.89,76021,85.11,1145,1.28,1.51,74876,83.83,98.49,M,POUTOU,Philippe,1316,1.47,1.76
123,29,FINISTERE,7,7ème circonscription,79751,12861,16.13,66890,83.87,1151,1.44,1.72,65739,82.43,98.28,M,POUTOU,Philippe,1063,1.33,1.62
124,29,FINISTERE,8,8ème circonscription,84410,14212,16.84,70198,83.16,1331,1.58,1.9,68867,81.59,98.1,M,POUTOU,Philippe,1133,1.34,1.65
125,30,GARD,1,1ère circonscription,83350,16348,19.61,67002,80.39,1068,1.28,1.59,65934,79.1,98.41,M,POUTOU,Philippe,532,0.64,0.81
126,30,GARD,2,2ème circonscription,82315,12934,15.71,69381,84.29,1114,1.35,1.61,68267,82.93,98.39,M,POUTOU,Philippe,601,0.73,0.88
127,30,GARD,3,3ème circonscription,88772,14414,16.24,74358,83.76,1233,1.39,1.66,73125,82.37,98.34,M,POUTOU,Philippe,728,0.82,1.0
128,30,GARD,4,4ème circonscription,87667,14200,16.2,73467,83.8,1348,1.54,1.83,72119,82.26,98.17,M,POUTOU,Philippe,815,0.93,1.13
129,30,GARD,5,5ème circonscription,93398,15362,16.45,78036,83.55,1379,1.48,1.77,76657,82.08,98.23,M,POUTOU,Philippe,928,0.99,1.21
130,30,GARD,6,6ème circonscription,77636,14732,18.98,62904,81.02,980,1.26,1.56,61924,79.76,98.44,M,POUTOU,Philippe,611,0.79,0.99
131,31,HAUTE GARONNE,1,1ère circonscription,76334,14840,19.44,61494,80.56,872,1.14,1.42,60622,79.42,98.58,M,POUTOU,Philippe,670,0.88,1.11
132,31,HAUTE GARONNE,2,2ème circonscription,94385,16872,17.88,77513,82.12,1186,1.26,1.53,76327,80.87,98.47,M,POUTOU,Philippe,792,0.84,1.04
133,31,HAUTE GARONNE,3,3ème circonscription,73042,12261,16.79,60781,83.21,860,1.18,1.41,59921,82.04,98.59,M,POUTOU,Philippe,527,0.72,0.88
134,31,HAUTE GARONNE,4,4ème circonscription,66065,15108,22.87,50957,77.13,713,1.08,1.4,50244,76.05,98.6,M,POUTOU,Philippe,510,0.77,1.02
135,31,HAUTE GARONNE,5,5ème circonscription,90084,12498,13.87,77586,86.13,1359,1.51,1.75,76227,84.62,98.25,M,POUTOU,Philippe,889,0.99,1.17
136,31,HAUTE GARONNE,6,6ème circonscription,103044,14914,14.47,88130,85.53,1509,1.46,1.71,86621,84.06,98.29,M,POUTOU,Philippe,905,0.88,1.04
137,31,HAUTE GARONNE,7,7ème circonscription,92441,13422,14.52,79019,85.48,1443,1.56,1.83,77576,83.92,98.17,M,POUTOU,Philippe,943,1.02,1.22
138,31,HAUTE GARONNE,8,8ème circonscription,84959,14197,16.71,70762,83.29,1473,1.73,2.08,69289,81.56,97.92,M,POUTOU,Philippe,884,1.04,1.28
139,31,HAUTE GARONNE,9,9ème circonscription,76370,15148,19.84,61222,80.16,932,1.22,1.52,60290,78.94,98.48,M,POUTOU,Philippe,641,0.84,1.06
140,31,HAUTE GARONNE,10,10ème circonscription,88311,10422,11.8,77889,88.2,1413,1.6,1.81,76476,86.6,98.19,M,POUTOU,Philippe,911,1.03,1.19
141,32,GERS,1,1ère circonscription,73648,10586,14.37,63062,85.63,1397,1.9,2.22,61665,83.73,97.78,M,POUTOU,Philippe,770,1.05,1.25
142,32,GERS,2,2ème circonscription,70150,9822,14.0,60328,86.0,1327,1.89,2.2,59001,84.11,97.8,M,POUTOU,Philippe,716,1.02,1.21
143,33,GIRONDE,1,1ère circonscription,85925,16459,19.16,69466,80.84,994,1.16,1.43,68472,79.69,98.57,M,POUTOU,Philippe,914,1.06,1.33
144,33,GIRONDE,2,2ème circonscription,62137,12959,20.86,49178,79.14,608,0.98,1.24,48570,78.17,98.76,M,POUTOU,Philippe,606,0.98,1.25
145,33,GIRONDE,3,3ème circonscription,74178,14336,19.33,59842,80.67,954,1.29,1.59,58888,79.39,98.41,M,POUTOU,Philippe,973,1.31,1.65
146,33,GIRONDE,4,4ème circonscription,86631,17394,20.08,69237,79.92,1125,1.3,1.62,68112,78.62,98.38,M,POUTOU,Philippe,1191,1.37,1.75
147,33,GIRONDE,5,5ème circonscription,102428,16849,16.45,85579,83.55,1413,1.38,1.65,84166,82.17,98.35,M,POUTOU,Philippe,1778,1.74,2.11
148,33,GIRONDE,6,6ème circonscription,95183,15382,16.16,79801,83.84,1271,1.34,1.59,78530,82.5,98.41,M,POUTOU,Philippe,1256,1.32,1.6
149,33,GIRONDE,7,7ème circonscription,72620,11941,16.44,60679,83.56,1025,1.41,1.69,59654,82.15,98.31,M,POUTOU,Philippe,941,1.3,1.58
150,33,GIRONDE,8,8ème circonscription,97814,16799,17.17,81015,82.83,1418,1.45,1.75,79597,81.38,98.25,M,POUTOU,Philippe,1210,1.24,1.52
151,33,GIRONDE,9,9ème circonscription,85580,12594,14.72,72986,85.28,1392,1.63,1.91,71594,83.66,98.09,M,POUTOU,Philippe,1300,1.52,1.82
152,33,GIRONDE,10,10ème circonscription,78500,13037,16.61,65463,83.39,1195,1.52,1.83,64268,81.87,98.17,M,POUTOU,Philippe,989,1.26,1.54
153,33,GIRONDE,11,11ème circonscription,88093,15136,17.18,72957,82.82,1436,1.63,1.97,71521,81.19,98.03,M,POUTOU,Philippe,1368,1.55,1.91
154,33,GIRONDE,12,12ème circonscription,78574,11831,15.06,66743,84.94,1209,1.54,1.81,65534,83.4,98.19,M,POUTOU,Philippe,1100,1.4,1.68
155,34,HERAULT,1,1ère circonscription,79031,15082,19.08,63949,80.92,1095,1.39,1.71,62854,79.53,98.29,M,POUTOU,Philippe,566,0.72,0.9
156,34,HERAULT,2,2ème circonscription,58251,13799,23.69,44452,76.31,649,1.11,1.46,43803,75.2,98.54,M,POUTOU,Philippe,405,0.7,0.92
157,34,HERAULT,3,3ème circonscription,77193,11788,15.27,65405,84.73,1127,1.46,1.72,64278,83.27,98.28,M,POUTOU,Philippe,583,0.76,0.91
158,34,HERAULT,4,4ème circonscription,103137,16406,15.91,86731,84.09,1533,1.49,1.77,85198,82.61,98.23,M,POUTOU,Philippe,1004,0.97,1.18
159,34,HERAULT,5,5ème circonscription,90867,15217,16.75,75650,83.25,1364,1.5,1.8,74286,81.75,98.2,M,POUTOU,Philippe,1060,1.17,1.43
160,34,HERAULT,6,6ème circonscription,86114,16091,18.69,70023,81.31,1096,1.27,1.57,68927,80.04,98.43,M,POUTOU,Philippe,604,0.7,0.88
161,34,HERAULT,7,7ème circonscription,95924,17112,17.84,78812,82.16,1336,1.39,1.7,77476,80.77,98.3,M,POUTOU,Philippe,768,0.8,0.99
162,34,HERAULT,8,8ème circonscription,80607,14306,17.75,66301,82.25,1222,1.52,1.84,65079,80.74,98.16,M,POUTOU,Philippe,630,0.78,0.97
163,34,HERAULT,9,9ème circonscription,75492,13393,17.74,62099,82.26,1056,1.4,1.7,61043,80.86,98.3,M,POUTOU,Philippe,601,0.8,0.98
164,35,ILLE ET VILAINE,1,1ère circonscription,87048,14767,16.96,72281,83.04,1140,1.31,1.58,71141,81.73,98.42,M,POUTOU,Philippe,810,0.93,1.14
165,35,ILLE ET VILAINE,2,2ème circonscription,86833,12080,13.91,74753,86.09,1172,1.35,1.57,73581,84.74,98.43,M,POUTOU,Philippe,761,0.88,1.03
166,35,ILLE ET VILAINE,3,3ème circonscription,81381,11394,14.0,69987,86.0,1277,1.57,1.82,68710,84.43,98.18,M,POUTOU,Philippe,881,1.08,1.28
167,35,ILLE ET VILAINE,4,4ème circonscription,85031,11885,13.98,73146,86.02,1358,1.6,1.86,71788,84.43,98.14,M,POUTOU,Philippe,1000,1.18,1.39
168,35,ILLE ET VILAINE,5,5ème circonscription,97396,13624,13.99,83772,86.01,1813,1.86,2.16,81959,84.15,97.84,M,POUTOU,Philippe,1055,1.08,1.29
169,35,ILLE ET VILAINE,6,6ème circonscription,85292,12619,14.8,72673,85.2,1599,1.87,2.2,71074,83.33,97.8,M,POUTOU,Philippe,985,1.15,1.39
170,35,ILLE ET VILAINE,7,7ème circonscription,95210,17307,18.18,77903,81.82,1748,1.84,2.24,76155,79.99,97.76,M,POUTOU,Philippe,956,1.0,1.26
171,35,ILLE ET VILAINE,8,8ème circonscription,78852,13296,16.86,65556,83.14,938,1.19,1.43,64618,81.95,98.57,M,POUTOU,Philippe,618,0.78,0.96
172,36,INDRE,1,1ère circonscription,82209,16081,19.56,66128,80.44,1561,1.9,2.36,64567,78.54,97.64,M,POUTOU,Philippe,860,1.05,1.33
173,36,INDRE,2,2ème circonscription,91563,15255,16.66,76308,83.34,1927,2.1,2.53,74381,81.23,97.47,M,POUTOU,Philippe,1125,1.23,1.51
174,37,INDRE ET LOIRE,1,1ère circonscription,65487,14182,21.66,51305,78.34,750,1.15,1.46,50555,77.2,98.54,M,POUTOU,Philippe,596,0.91,1.18
175,37,INDRE ET LOIRE,2,2ème circonscription,84326,13314,15.79,71012,84.21,1339,1.59,1.89,69673,82.62,98.11,M,POUTOU,Philippe,934,1.11,1.34
176,37,INDRE ET LOIRE,3,3ème circonscription,94500,15291,16.18,79209,83.82,1508,1.6,1.9,77701,82.22,98.1,M,POUTOU,Philippe,1013,1.07,1.3
177,37,INDRE ET LOIRE,4,4ème circonscription,88179,15328,17.38,72851,82.62,1458,1.65,2.0,71393,80.96,98.0,M,POUTOU,Philippe,982,1.11,1.38
178,37,INDRE ET LOIRE,5,5ème circonscription,80412,13243,16.47,67169,83.53,1236,1.54,1.84,65933,81.99,98.16,M,POUTOU,Philippe,778,0.97,1.18
179,38,ISERE,1,1ère circonscription,80549,14055,17.45,66494,82.55,912,1.13,1.37,65582,81.42,98.63,M,POUTOU,Philippe,450,0.56,0.69
180,38,ISERE,2,2ème circonscription,75014,12905,17.2,62109,82.8,1055,1.41,1.7,61054,81.39,98.3,M,POUTOU,Philippe,601,0.8,0.98
181,38,ISERE,3,3ème circonscription,59876,12072,20.16,47804,79.84,712,1.19,1.49,47092,78.65,98.51,M,POUTOU,Philippe,455,0.76,0.97
182,38,ISERE,4,4ème circonscription,87773,14738,16.79,73035,83.21,1214,1.38,1.66,71821,81.83,98.34,M,POUTOU,Philippe,769,0.88,1.07
183,38,ISERE,5,5ème circonscription,97730,15446,15.8,82284,84.2,1387,1.42,1.69,80897,82.78,98.31,M,POUTOU,Philippe,919,0.94,1.14
184,38,ISERE,6,6ème circonscription,77054,14200,18.43,62854,81.57,1137,1.48,1.81,61717,80.1,98.19,M,POUTOU,Philippe,611,0.79,0.99
185,38,ISERE,7,7ème circonscription,87576,14412,16.46,73164,83.54,1507,1.72,2.06,71657,81.82,97.94,M,POUTOU,Philippe,851,0.97,1.19
186,38,ISERE,8,8ème circonscription,74923,12599,16.82,62324,83.18,1204,1.61,1.93,61120,81.58,98.07,M,POUTOU,Philippe,604,0.81,0.99
187,38,ISERE,9,9ème circonscription,93219,15948,17.11,77271,82.89,1591,1.71,2.06,75680,81.19,97.94,M,POUTOU,Philippe,824,0.88,1.09
188,38,ISERE,10,10ème circonscription,87565,16532,18.88,71033,81.12,1314,1.5,1.85,69719,79.62,98.15,M,POUTOU,Philippe,762,0.87,1.09
189,39,JURA,1,1ère circonscription,65037,10790,16.59,54247,83.41,1165,1.79,2.15,53082,81.62,97.85,M,POUTOU,Philippe,677,1.04,1.28
190,39,JURA,2,2ème circonscription,54939,9272,16.88,45667,83.12,967,1.76,2.12,44700,81.36,97.88,M,POUTOU,Philippe,584,1.06,1.31
191,39,JURA,3,3ème circonscription,68276,10855,15.9,57421,84.1,1110,1.63,1.93,56311,82.48,98.07,M,POUTOU,Philippe,767,1.12,1.36
192,40,LANDES,1,1ère circonscription,97627,17315,17.74,80312,82.26,1540,1.58,1.92,78772,80.69,98.08,M,POUTOU,Philippe,1175,1.2,1.49
193,40,LANDES,2,2ème circonscription,104556,17314,16.56,87242,83.44,1636,1.56,1.88,85606,81.88,98.12,M,POUTOU,Philippe,1228,1.17,1.43
194,40,LANDES,3,3ème circonscription,94557,13444,14.22,81113,85.78,1661,1.76,2.05,79452,84.03,97.95,M,POUTOU,Philippe,1202,1.27,1.51
195,41,LOIR ET CHER,1,1ère circonscription,80410,14971,18.62,65439,81.38,1129,1.4,1.73,64310,79.98,98.27,M,POUTOU,Philippe,792,0.98,1.23
196,41,LOIR ET CHER,2,2ème circonscription,80275,13936,17.36,66339,82.64,1341,1.67,2.02,64998,80.97,97.98,M,POUTOU,Philippe,825,1.03,1.27
197,41,LOIR ET CHER,3,3ème circonscription,82376,12878,15.63,69498,84.37,1505,1.83,2.17,67993,82.54,97.83,M,POUTOU,Philippe,977,1.19,1.44
198,42,LOIRE,1,1ère circonscription,67953,13574,19.98,54379,80.02,846,1.24,1.56,53533,78.78,98.44,M,POUTOU,Philippe,527,0.78,0.98
199,42,LOIRE,2,2ème circonscription,57287,12952,22.61,44335,77.39,638,1.11,1.44,43697,76.28,98.56,M,POUTOU,Philippe,417,0.73,0.95
200,42,LOIRE,3,3ème circonscription,80375,13737,17.09,66638,82.91,1201,1.49,1.8,65437,81.41,98.2,M,POUTOU,Philippe,661,0.82,1.01
201,42,LOIRE,4,4ème circonscription,99044,16371,16.53,82673,83.47,1557,1.57,1.88,81116,81.9,98.12,M,POUTOU,Philippe,973,0.98,1.2
202,42,LOIRE,5,5ème circonscription,101180,16362,16.17,84818,83.83,1946,1.92,2.29,82872,81.91,97.71,M,POUTOU,Philippe,934,0.92,1.13
203,42,LOIRE,6,6ème circonscription,103862,16230,15.63,87632,84.37,1864,1.79,2.13,85768,82.58,97.87,M,POUTOU,Philippe,952,0.92,1.11
204,43,HAUTE LOIRE,1,1ère circonscription,95744,14059,14.68,81685,85.32,1950,2.04,2.39,79735,83.28,97.61,M,POUTOU,Philippe,1049,1.1,1.32
205,43,HAUTE LOIRE,2,2ème circonscription,80359,13166,16.38,67193,83.62,1829,2.28,2.72,65364,81.34,97.28,M,POUTOU,Philippe,882,1.1,1.35
206,44,LOIRE ATLANTIQUE,1,1ère circonscription,72688,13071,17.98,59617,82.02,904,1.24,1.52,58713,80.77,98.48,M,POUTOU,Philippe,521,0.72,0.89
207,44,LOIRE ATLANTIQUE,2,2ème circonscription,81535,15079,18.49,66456,81.51,884,1.08,1.33,65572,80.42,98.67,M,POUTOU,Philippe,599,0.73,0.91
208,44,LOIRE ATLANTIQUE,3,3ème circonscription,88998,17035,19.14,71963,80.86,1198,1.35,1.66,70765,79.51,98.34,M,POUTOU,Philippe,766,0.86,1.08
209,44,LOIRE ATLANTIQUE,4,4ème circonscription,82720,13003,15.72,69717,84.28,1210,1.46,1.74,68507,82.82,98.26,M,POUTOU,Philippe,800,0.97,1.17
210,44,LOIRE ATLANTIQUE,5,5ème circonscription,105488,14930,14.15,90558,85.85,1539,1.46,1.7,89019,84.39,98.3,M,POUTOU,Philippe,995,0.94,1.12
211,44,LOIRE ATLANTIQUE,6,6ème circonscription,106779,15578,14.59,91201,85.41,2085,1.95,2.29,89116,83.46,97.71,M,POUTOU,Philippe,1401,1.31,1.57
212,44,LOIRE ATLANTIQUE,7,7ème circonscription,101902,15770,15.48,86132,84.52,1556,1.53,1.81,84576,83.0,98.19,M,POUTOU,Philippe,1144,1.12,1.35
213,44,LOIRE ATLANTIQUE,8,8ème circonscription,81009,14481,17.88,66528,82.12,1094,1.35,1.64,65434,80.77,98.36,M,POUTOU,Philippe,998,1.23,1.53
214,44,LOIRE ATLANTIQUE,9,9ème circonscription,107606,15210,14.13,92396,85.87,1766,1.64,1.91,90630,84.22,98.09,M,POUTOU,Philippe,1312,1.22,1.45
215,44,LOIRE ATLANTIQUE,10,10ème circonscription,106529,13204,12.39,93325,87.61,1935,1.82,2.07,91390,85.79,97.93,M,POUTOU,Philippe,1099,1.03,1.2
216,45,LOIRET,1,1ère circonscription,73161,12829,17.54,60332,82.46,1091,1.49,1.81,59241,80.97,98.19,M,POUTOU,Philippe,535,0.73,0.9
217,45,LOIRET,2,2ème circonscription,81883,15285,18.67,66598,81.33,1212,1.48,1.82,65386,79.85,98.18,M,POUTOU,Philippe,663,0.81,1.01
218,45,LOIRET,3,3ème circonscription,71053,11943,16.81,59110,83.19,1103,1.55,1.87,58007,81.64,98.13,M,POUTOU,Philippe,635,0.89,1.09
219,45,LOIRET,4,4ème circonscription,74980,14849,19.8,60131,80.2,1150,1.53,1.91,58981,78.66,98.09,M,POUTOU,Philippe,566,0.75,0.96
220,45,LOIRET,5,5ème circonscription,72673,13246,18.23,59427,81.77,1123,1.55,1.89,58304,80.23,98.11,M,POUTOU,Philippe,675,0.93,1.16
221,45,LOIRET,6,6ème circonscription,69178,12045,17.41,57133,82.59,1007,1.46,1.76,56126,81.13,98.24,M,POUTOU,Philippe,536,0.77,0.95
222,46,LOT,1,1ère circonscription,70151,10049,14.32,60102,85.68,1134,1.62,1.89,58968,84.06,98.11,M,POUTOU,Philippe,844,1.2,1.43
223,46,LOT,2,2ème circonscription,65027,8689,13.36,56338,86.64,1236,1.9,2.19,55102,84.74,97.81,M,POUTOU,Philippe,806,1.24,1.46
224,47,LOT ET GARONNE,1,1ère circonscription,86690,14088,16.25,72602,83.75,1507,1.74,2.08,71095,82.01,97.92,M,POUTOU,Philippe,910,1.05,1.28
225,47,LOT ET GARONNE,2,2ème circonscription,77711,13116,16.88,64595,83.12,1323,1.7,2.05,63272,81.42,97.95,M,POUTOU,Philippe,882,1.13,1.39
226,47,LOT ET GARONNE,3,3ème circonscription,76525,13102,17.12,63423,82.88,1258,1.64,1.98,62165,81.23,98.02,M,POUTOU,Philippe,907,1.19,1.46
227,48,LOZERE,1,1ère circonscription,59890,8857,14.79,51033,85.21,1027,1.71,2.01,50006,83.5,97.99,M,POUTOU,Philippe,647,1.08,1.29
228,49,MAINE ET LOIRE,1,1ère circonscription,80729,13711,16.98,67018,83.02,1323,1.64,1.97,65695,81.38,98.03,M,POUTOU,Philippe,787,0.97,1.2
229,49,MAINE ET LOIRE,2,2ème circonscription,87336,13796,15.8,73540,84.2,1602,1.83,2.18,71938,82.37,97.82,M,POUTOU,Philippe,974,1.12,1.35
230,49,MAINE ET LOIRE,3,3ème circonscription,68407,10396,15.2,58011,84.8,1457,2.13,2.51,56554,82.67,97.49,M,POUTOU,Philippe,799,1.17,1.41
231,49,MAINE ET LOIRE,4,4ème circonscription,73602,11851,16.1,61751,83.9,1405,1.91,2.28,60346,81.99,97.72,M,POUTOU,Philippe,939,1.28,1.56
232,49,MAINE ET LOIRE,5,5ème circonscription,75267,12274,16.31,62993,83.69,1523,2.02,2.42,61470,81.67,97.58,M,POUTOU,Philippe,925,1.23,1.5
233,49,MAINE ET LOIRE,6,6ème circonscription,92436,12972,14.03,79464,85.97,2131,2.31,2.68,77333,83.66,97.32,M,POUTOU,Philippe,1089,1.18,1.41
234,49,MAINE ET LOIRE,7,7ème circonscription,75237,11386,15.13,63851,84.87,1414,1.88,2.21,62437,82.99,97.79,M,POUTOU,Philippe,825,1.1,1.32
235,50,MANCHE,1,1ère circonscription,86456,14419,16.68,72037,83.32,1346,1.56,1.87,70691,81.77,98.13,M,POUTOU,Philippe,998,1.15,1.41
236,50,MANCHE,2,2ème circonscription,94746,15328,16.18,79418,83.82,1827,1.93,2.3,77591,81.89,97.7,M,POUTOU,Philippe,1046,1.1,1.35
237,50,MANCHE,3,3ème circonscription,105836,17265,16.31,88571,83.69,1581,1.49,1.79,86990,82.19,98.21,M,POUTOU,Philippe,1162,1.1,1.34
238,50,MANCHE,4,4ème circonscription,88678,16623,18.75,72055,81.25,1198,1.35,1.66,70857,79.9,98.34,M,POUTOU,Philippe,925,1.04,1.31
239,51,MARNE,1,1ère circonscription,69203,15911,22.99,53292,77.01,784,1.13,1.47,52508,75.88,98.53,M,POUTOU,Philippe,667,0.96,1.27
240,51,MARNE,2,2ème circonscription,72576,15744,21.69,56832,78.31,863,1.19,1.52,55969,77.12,98.48,M,POUTOU,Philippe,622,0.86,1.11
241,51,MARNE,3,3ème circonscription,81279,17128,21.07,64151,78.93,1122,1.38,1.75,63029,77.55,98.25,M,POUTOU,Philippe,788,0.97,1.25
242,51,MARNE,4,4ème circonscription,80837,17346,21.46,63491,78.54,1087,1.34,1.71,62404,77.2,98.29,M,POUTOU,Philippe,767,0.95,1.23
243,51,MARNE,5,5ème circonscription,78108,13910,17.81,64198,82.19,1121,1.44,1.75,63077,80.76,98.25,M,POUTOU,Philippe,690,0.88,1.09
244,52,HAUTE MARNE,1,1ère circonscription,74607,14283,19.14,60324,80.86,1213,1.63,2.01,59111,79.23,97.99,M,POUTOU,Philippe,816,1.09,1.38
245,52,HAUTE MARNE,2,2ème circonscription,64322,13062,20.31,51260,79.69,1018,1.58,1.99,50242,78.11,98.01,M,POUTOU,Philippe,639,0.99,1.27
246,53,MAYENNE,1,1ère circonscription,72582,11890,16.38,60692,83.62,1504,2.07,2.48,59188,81.55,97.52,M,POUTOU,Philippe,707,0.97,1.19
247,53,MAYENNE,2,2ème circonscription,76637,11650,15.2,64987,84.8,1526,1.99,2.35,63461,82.81,97.65,M,POUTOU,Philippe,829,1.08,1.31
248,53,MAYENNE,3,3ème circonscription,72274,10981,15.19,61293,84.81,1671,2.31,2.73,59622,82.49,97.27,M,POUTOU,Philippe,856,1.18,1.44
249,54,MEURTHE ET MOSELLE,1,1ère circonscription,80648,17419,21.6,63229,78.4,918,1.14,1.45,62311,77.26,98.55,M,POUTOU,Philippe,684,0.85,1.1
250,54,MEURTHE ET MOSELLE,2,2ème circonscription,70856,14710,20.76,56146,79.24,817,1.15,1.46,55329,78.09,98.54,M,POUTOU,Philippe,541,0.76,0.98
251,54,MEURTHE ET MOSELLE,3,3ème circonscription,83005,18730,22.56,64275,77.44,989,1.19,1.54,63286,76.24,98.46,M,POUTOU,Philippe,913,1.1,1.44
252,54,MEURTHE ET MOSELLE,4,4ème circonscription,97171,18218,18.75,78953,81.25,1371,1.41,1.74,77582,79.84,98.26,M,POUTOU,Philippe,1103,1.14,1.42
253,54,MEURTHE ET MOSELLE,5,5ème circonscription,76585,12997,16.97,63588,83.03,1068,1.39,1.68,62520,81.63,98.32,M,POUTOU,Philippe,831,1.09,1.33
254,54,MEURTHE ET MOSELLE,6,6ème circonscription,87241,17287,19.82,69954,80.18,1079,1.24,1.54,68875,78.95,98.46,M,POUTOU,Philippe,916,1.05,1.33
255,55,MEUSE,1,1ère circonscription,78882,13586,17.22,65296,82.78,1225,1.55,1.88,64071,81.22,98.12,M,POUTOU,Philippe,978,1.24,1.53
256,55,MEUSE,2,2ème circonscription,61251,12018,19.62,49233,80.38,850,1.39,1.73,48383,78.99,98.27,M,POUTOU,Philippe,710,1.16,1.47
257,56,MORBIHAN,1,1ère circonscription,98822,14959,15.14,83863,84.86,1222,1.24,1.46,82641,83.63,98.54,M,POUTOU,Philippe,906,0.92,1.1
258,56,MORBIHAN,2,2ème circonscription,98595,14772,14.98,83823,85.02,1435,1.46,1.71,82388,83.56,98.29,M,POUTOU,Philippe,1208,1.23,1.47
259,56,MORBIHAN,3,3ème circonscription,86774,11951,13.77,74823,86.23,1498,1.73,2.0,73325,84.5,98.0,M,POUTOU,Philippe,1037,1.2,1.41
260,56,MORBIHAN,4,4ème circonscription,102136,14576,14.27,87560,85.73,1691,1.66,1.93,85869,84.07,98.07,M,POUTOU,Philippe,1182,1.16,1.38
261,56,MORBIHAN,5,5ème circonscription,80340,16004,19.92,64336,80.08,1174,1.46,1.82,63162,78.62,98.18,M,POUTOU,Philippe,837,1.04,1.33
262,56,MORBIHAN,6,6ème circonscription,89152,13861,15.55,75291,84.45,1518,1.7,2.02,73773,82.75,97.98,M,POUTOU,Philippe,1130,1.27,1.53
263,57,MOSELLE,1,1ère circonscription,88138,18779,21.31,69359,78.69,1130,1.28,1.63,68229,77.41,98.37,M,POUTOU,Philippe,870,0.99,1.28
264,57,MOSELLE,2,2ème circonscription,76137,16290,21.4,59847,78.6,998,1.31,1.67,58849,77.29,98.33,M,POUTOU,Philippe,660,0.87,1.12
265,57,MOSELLE,3,3ème circonscription,74012,16423,22.19,57589,77.81,928,1.25,1.61,56661,76.56,98.39,M,POUTOU,Philippe,696,0.94,1.23
266,57,MOSELLE,4,4ème circonscription,81115,14692,18.11,66423,81.89,1375,1.7,2.07,65048,80.19,97.93,M,POUTOU,Philippe,950,1.17,1.46
267,57,MOSELLE,5,5ème circonscription,74554,15488,20.77,59066,79.23,1283,1.72,2.17,57783,77.5,97.83,M,POUTOU,Philippe,924,1.24,1.6
268,57,MOSELLE,6,6ème circonscription,72289,18381,25.43,53908,74.57,968,1.34,1.8,52940,73.23,98.2,M,POUTOU,Philippe,640,0.89,1.21
269,57,MOSELLE,7,7ème circonscription,91531,19389,21.18,72142,78.82,1261,1.38,1.75,70881,77.44,98.25,M,POUTOU,Philippe,1065,1.16,1.5
270,57,MOSELLE,8,8ème circonscription,90881,22510,24.77,68371,75.23,1242,1.37,1.82,67129,73.86,98.18,M,POUTOU,Philippe,1078,1.19,1.61
271,57,MOSELLE,9,9ème circonscription,97021,20996,21.64,76025,78.36,1473,1.52,1.94,74552,76.84,98.06,M,POUTOU,Philippe,1041,1.07,1.4
272,58,NIEVRE,1,1ère circonscription,78208,15909,20.34,62299,79.66,1243,1.59,2.0,61056,78.07,98.0,M,POUTOU,Philippe,751,0.96,1.23
273,58,NIEVRE,2,2ème circonscription,86703,15812,18.24,70891,81.76,1351,1.56,1.91,69540,80.2,98.09,M,POUTOU,Philippe,924,1.07,1.33
274,59,NORD,1,1ère circonscription,60434,15860,26.24,44574,73.76,662,1.1,1.49,43912,72.66,98.51,M,POUTOU,Philippe,495,0.82,1.13
275,59,NORD,2,2ème circonscription,87210,19820,22.73,67390,77.27,1115,1.28,1.65,66275,75.99,98.35,M,POUTOU,Philippe,690,0.79,1.04
276,59,NORD,3,3ème circonscription,96461,23084,23.93,73377,76.07,1266,1.31,1.73,72111,74.76,98.27,M,POUTOU,Philippe,832,0.86,1.15
277,59,NORD,4,4ème circonscription,97081,21389,22.03,75692,77.97,1161,1.2,1.53,74531,76.77,98.47,M,POUTOU,Philippe,688,0.71,0.92
278,59,NORD,5,5ème circonscription,96321,18095,18.79,78226,81.21,1452,1.51,1.86,76774,79.71,98.14,M,POUTOU,Philippe,881,0.91,1.15
279,59,NORD,6,6ème circonscription,84619,13685,16.17,70934,83.83,1139,1.35,1.61,69795,82.48,98.39,M,POUTOU,Philippe,626,0.74,0.9
280,59,NORD,7,7ème circonscription,72067,16824,23.34,55243,76.66,867,1.2,1.57,54376,75.45,98.43,M,POUTOU,Philippe,468,0.65,0.86
281,59,NORD,8,8ème circonscription,69238,20425,29.5,48813,70.5,840,1.21,1.72,47973,69.29,98.28,M,POUTOU,Philippe,540,0.78,1.13
282,59,NORD,9,9ème circonscription,89146,21208,23.79,67938,76.21,980,1.1,1.44,66958,75.11,98.56,M,POUTOU,Philippe,496,0.56,0.74
283,59,NORD,10,10ème circonscription,80282,21011,26.17,59271,73.83,1136,1.42,1.92,58135,72.41,98.08,M,POUTOU,Philippe,618,0.77,1.06
284,59,NORD,11,11ème circonscription,90333,21182,23.45,69151,76.55,1093,1.21,1.58,68058,75.34,98.42,M,POUTOU,Philippe,736,0.81,1.08
285,59,NORD,12,12ème circonscription,93655,18591,19.85,75064,80.15,1281,1.37,1.71,73783,78.78,98.29,M,POUTOU,Philippe,866,0.92,1.17
286,59,NORD,13,13ème circonscription,90479,20526,22.69,69953,77.31,1654,1.83,2.36,68299,75.49,97.64,M,POUTOU,Philippe,1003,1.11,1.47
287,59,NORD,14,14ème circonscription,98692,17690,17.92,81002,82.08,1576,1.6,1.95,79426,80.48,98.05,M,POUTOU,Philippe,1090,1.1,1.37
288,59,NORD,15,15ème circonscription,95256,17138,17.99,78118,82.01,1636,1.72,2.09,76482,80.29,97.91,M,POUTOU,Philippe,974,1.02,1.27
289,59,NORD,16,16ème circonscription,83552,18120,21.69,65432,78.31,1161,1.39,1.77,64271,76.92,98.23,M,POUTOU,Philippe,743,0.89,1.16
290,59,NORD,17,17ème circonscription,74984,16249,21.67,58735,78.33,963,1.28,1.64,57772,77.05,98.36,M,POUTOU,Philippe,594,0.79,1.03
291,59,NORD,18,18ème circonscription,91923,19491,21.2,72432,78.8,1452,1.58,2.0,70980,77.22,98.0,M,POUTOU,Philippe,812,0.88,1.14
292,59,NORD,19,19ème circonscription,78813,17089,21.68,61724,78.32,1093,1.39,1.77,60631,76.93,98.23,M,POUTOU,Philippe,635,0.81,1.05
293,59,NORD,20,20ème circonscription,80776,20230,25.04,60546,74.96,1149,1.42,1.9,59397,73.53,98.1,M,POUTOU,Philippe,733,0.91,1.23
294,59,NORD,21,21ème circonscription,81037,18816,23.22,62221,76.78,1061,1.31,1.71,61160,75.47,98.29,M,POUTOU,Philippe,618,0.76,1.01
295,60,OISE,1,1ère circonscription,80708,14910,18.47,65798,81.53,1194,1.48,1.81,64604,80.05,98.19,M,POUTOU,Philippe,954,1.18,1.48
296,60,OISE,2,2ème circonscription,85945,15394,17.91,70551,82.09,1229,1.43,1.74,69322,80.66,98.26,M,POUTOU,Philippe,953,1.11,1.37
297,60,OISE,3,3ème circonscription,71230,14591,20.48,56639,79.52,941,1.32,1.66,55698,78.19,98.34,M,POUTOU,Philippe,658,0.92,1.18
298,60,OISE,4,4ème circonscription,90018,17189,19.1,72829,80.9,1129,1.25,1.55,71700,79.65,98.45,M,POUTOU,Philippe,670,0.74,0.93
299,60,OISE,5,5ème circonscription,71315,13927,19.53,57388,80.47,958,1.34,1.67,56430,79.13,98.33,M,POUTOU,Philippe,676,0.95,1.2
300,60,OISE,6,6ème circonscription,74639,14782,19.8,59857,80.2,1010,1.35,1.69,58847,78.84,98.31,M,POUTOU,Philippe,754,1.01,1.28
301,60,OISE,7,7ème circonscription,74990,13849,18.47,61141,81.53,1773,2.36,2.9,59368,79.17,97.1,M,POUTOU,Philippe,673,0.9,1.13
302,61,ORNE,1,1ère circonscription,71172,12162,17.09,59010,82.91,1192,1.67,2.02,57818,81.24,97.98,M,POUTOU,Philippe,863,1.21,1.49
303,61,ORNE,2,2ème circonscription,68817,11656,16.94,57161,83.06,1036,1.51,1.81,56125,81.56,98.19,M,POUTOU,Philippe,779,1.13,1.39
304,61,ORNE,3,3ème circonscription,72532,11560,15.94,60972,84.06,1161,1.6,1.9,59811,82.46,98.1,M,POUTOU,Philippe,873,1.2,1.46
305,62,PAS DE CALAIS,1,1ère circonscription,103048,15584,15.12,87464,84.88,1657,1.61,1.89,85807,83.27,98.11,M,POUTOU,Philippe,1120,1.09,1.31
306,62,PAS DE CALAIS,2,2ème circonscription,84252,14624,17.36,69628,82.64,1432,1.7,2.06,68196,80.94,97.94,M,POUTOU,Philippe,813,0.96,1.19
307,62,PAS DE CALAIS,3,3ème circonscription,87303,21586,24.73,65717,75.27,1348,1.54,2.05,64369,73.73,97.95,M,POUTOU,Philippe,877,1.0,1.36
308,62,PAS DE CALAIS,4,4ème circonscription,87406,15295,17.5,72111,82.5,1406,1.61,1.95,70705,80.89,98.05,M,POUTOU,Philippe,850,0.97,1.2
309,62,PAS DE CALAIS,5,5ème circonscription,89811,18968,21.12,70843,78.88,1057,1.18,1.49,69786,77.7,98.51,M,POUTOU,Philippe,881,0.98,1.26
310,62,PAS DE CALAIS,6,6ème circonscription,88973,13126,14.75,75847,85.25,1453,1.63,1.92,74394,83.61,98.08,M,POUTOU,Philippe,946,1.06,1.27
311,62,PAS DE CALAIS,7,7ème circonscription,92272,21095,22.86,71177,77.14,1283,1.39,1.8,69894,75.75,98.2,M,POUTOU,Philippe,939,1.02,1.34
312,62,PAS DE CALAIS,8,8ème circonscription,93137,18203,19.54,74934,80.46,1454,1.56,1.94,73480,78.89,98.06,M,POUTOU,Philippe,944,1.01,1.28
313,62,PAS DE CALAIS,9,9ème circonscription,79240,15577,19.66,63663,80.34,1161,1.47,1.82,62502,78.88,98.18,M,POUTOU,Philippe,750,0.95,1.2
314,62,PAS DE CALAIS,10,10ème circonscription,89751,20864,23.25,68887,76.75,1388,1.55,2.01,67499,75.21,97.99,M,POUTOU,Philippe,960,1.07,1.42
315,62,PAS DE CALAIS,11,11ème circonscription,94027,22377,23.8,71650,76.2,1358,1.44,1.9,70292,74.76,98.1,M,POUTOU,Philippe,815,0.87,1.16
316,62,PAS DE CALAIS,12,12ème circonscription,94508,20868,22.08,73640,77.92,1425,1.51,1.94,72215,76.41,98.06,M,POUTOU,Philippe,1053,1.11,1.46
317,63,PUY DE DOME,1,1ère circonscription,80416,14336,17.83,66080,82.17,1287,1.6,1.95,64793,80.57,98.05,M,POUTOU,Philippe,769,0.96,1.19
318,63,PUY DE DOME,2,2ème circonscription,86266,12875,14.92,73391,85.08,1747,2.03,2.38,71644,83.05,97.62,M,POUTOU,Philippe,968,1.12,1.35
319,63,PUY DE DOME,3,3ème circonscription,86752,14240,16.41,72512,83.59,1467,1.69,2.02,71045,81.89,97.98,M,POUTOU,Philippe,790,0.91,1.11
320,63,PUY DE DOME,4,4ème circonscription,95438,14319,15.0,81119,85.0,1689,1.77,2.08,79430,83.23,97.92,M,POUTOU,Philippe,1026,1.08,1.29
321,63,PUY DE DOME,5,5ème circonscription,100375,15811,15.75,84564,84.25,2032,2.02,2.4,82532,82.22,97.6,M,POUTOU,Philippe,1042,1.04,1.26
322,64,PYRENEES ATLANTIQUES,1,1ère circonscription,68872,13233,19.21,55639,80.79,952,1.38,1.71,54687,79.4,98.29,M,POUTOU,Philippe,649,0.94,1.19
323,64,PYRENEES ATLANTIQUES,2,2ème circonscription,77655,12466,16.05,65189,83.95,1229,1.58,1.89,63960,82.36,98.11,M,POUTOU,Philippe,714,0.92,1.12
324,64,PYRENEES ATLANTIQUES,3,3ème circonscription,81932,12955,15.81,68977,84.19,1342,1.64,1.95,67635,82.55,98.05,M,POUTOU,Philippe,1061,1.29,1.57
325,64,PYRENEES ATLANTIQUES,4,4ème circonscription,80359,12926,16.09,67433,83.91,1440,1.79,2.14,65993,82.12,97.86,M,POUTOU,Philippe,1549,1.93,2.35
326,64,PYRENEES ATLANTIQUES,5,5ème circonscription,85472,16661,19.49,68811,80.51,2046,2.39,2.97,66765,78.11,97.03,M,POUTOU,Philippe,1236,1.45,1.85
327,64,PYRENEES ATLANTIQUES,6,6ème circonscription,94656,18547,19.59,76109,80.41,1492,1.58,1.96,74617,78.83,98.04,M,POUTOU,Philippe,1603,1.69,2.15
328,65,HAUTES PYRENEES,1,1ère circonscription,88416,15506,17.54,72910,82.46,1516,1.71,2.08,71394,80.75,97.92,M,POUTOU,Philippe,1019,1.15,1.43
329,65,HAUTES PYRENEES,2,2ème circonscription,89001,14238,16.0,74763,84.0,1453,1.63,1.94,73310,82.37,98.06,M,POUTOU,Philippe,948,1.07,1.29
330,66,PYRENEES ORIENTALES,1,1ère circonscription,67579,13507,19.99,54072,80.01,904,1.34,1.67,53168,78.68,98.33,M,POUTOU,Philippe,544,0.8,1.02
331,66,PYRENEES ORIENTALES,2,2ème circonscription,89162,15362,17.23,73800,82.77,1319,1.48,1.79,72481,81.29,98.21,M,POUTOU,Philippe,852,0.96,1.18
332,66,PYRENEES ORIENTALES,3,3ème circonscription,80154,14991,18.7,65163,81.3,1297,1.62,1.99,63866,79.68,98.01,M,POUTOU,Philippe,923,1.15,1.45
333,66,PYRENEES ORIENTALES,4,4ème circonscription,92348,16077,17.41,76271,82.59,1592,1.72,2.09,74679,80.87,97.91,M,POUTOU,Philippe,946,1.02,1.27
334,67,BAS RHIN,1,1ère circonscription,63853,15177,23.77,48676,76.23,571,0.89,1.17,48105,75.34,98.83,M,POUTOU,Philippe,416,0.65,0.86
335,67,BAS RHIN,2,2ème circonscription,71121,17349,24.39,53772,75.61,808,1.14,1.5,52964,74.47,98.5,M,POUTOU,Philippe,471,0.66,0.89
336,67,BAS RHIN,3,3ème circonscription,68309,15930,23.32,52379,76.68,799,1.17,1.53,51580,75.51,98.47,M,POUTOU,Philippe,463,0.68,0.9
337,67,BAS RHIN,4,4ème circonscription,89817,16322,18.17,73495,81.83,1181,1.31,1.61,72314,80.51,98.39,M,POUTOU,Philippe,540,0.6,0.75
338,67,BAS RHIN,5,5ème circonscription,98393,18297,18.6,80096,81.4,1727,1.76,2.16,78369,79.65,97.84,M,POUTOU,Philippe,826,0.84,1.05
339,67,BAS RHIN,6,6ème circonscription,91107,16681,18.31,74426,81.69,1454,1.6,1.95,72972,80.09,98.05,M,POUTOU,Philippe,815,0.89,1.12
340,67,BAS RHIN,7,7ème circonscription,84580,15665,18.52,68915,81.48,1446,1.71,2.1,67469,79.77,97.9,M,POUTOU,Philippe,834,0.99,1.24
341,67,BAS RHIN,8,8ème circonscription,92698,18443,19.9,74255,80.1,1929,2.08,2.6,72326,78.02,97.4,M,POUTOU,Philippe,954,1.03,1.32
342,67,BAS RHIN,9,9ème circonscription,88209,17040,19.32,71169,80.68,1336,1.51,1.88,69833,79.17,98.12,M,POUTOU,Philippe,674,0.76,0.97
343,68,HAUT RHIN,1,1ère circonscription,74637,16117,21.59,58520,78.41,1061,1.42,1.81,57459,76.98,98.19,M,POUTOU,Philippe,683,0.92,1.19
344,68,HAUT RHIN,2,2ème circonscription,91283,16927,18.54,74356,81.46,1499,1.64,2.02,72857,79.81,97.98,M,POUTOU,Philippe,963,1.05,1.32
345,68,HAUT RHIN,3,3ème circonscription,83595,15919,19.04,67676,80.96,1328,1.59,1.96,66348,79.37,98.04,M,POUTOU,Philippe,748,0.89,1.13
346,68,HAUT RHIN,4,4ème circonscription,99218,18059,18.2,81159,81.8,1686,1.7,2.08,79473,80.1,97.92,M,POUTOU,Philippe,1079,1.09,1.36
347,68,HAUT RHIN,5,5ème circonscription,79642,19670,24.7,59972,75.3,1333,1.67,2.22,58639,73.63,97.78,M,POUTOU,Philippe,540,0.68,0.92
348,68,HAUT RHIN,6,6ème circonscription,92799,20674,22.28,72125,77.72,1490,1.61,2.07,70635,76.12,97.93,M,POUTOU,Philippe,811,0.87,1.15
349,69,RHONE,1,1ère circonscription,68034,14367,21.12,53667,78.88,749,1.1,1.4,52918,77.78,98.6,M,POUTOU,Philippe,470,0.69,0.89
350,69,RHONE,2,2ème circonscription,74861,15110,20.18,59751,79.82,765,1.02,1.28,58986,78.79,98.72,M,POUTOU,Philippe,470,0.63,0.8
351,69,RHONE,3,3ème circonscription,70269,14287,20.33,55982,79.67,741,1.05,1.32,55241,78.61,98.68,M,POUTOU,Philippe,417,0.59,0.75
352,69,RHONE,4,4ème circonscription,79705,15777,19.79,63928,80.21,859,1.08,1.34,63069,79.13,98.66,M,POUTOU,Philippe,389,0.49,0.62
353,69,RHONE,5,5ème circonscription,80421,12268,15.25,68153,84.75,992,1.23,1.46,67161,83.51,98.54,M,POUTOU,Philippe,476,0.59,0.71
354,69,RHONE,6,6ème circonscription,78307,16121,20.59,62186,79.41,978,1.25,1.57,61208,78.16,98.43,M,POUTOU,Philippe,554,0.71,0.91
355,69,RHONE,7,7ème circonscription,64610,15139,23.43,49471,76.57,835,1.29,1.69,48636,75.28,98.31,M,POUTOU,Philippe,415,0.64,0.85
356,69,RHONE,8,8ème circonscription,98374,15487,15.74,82887,84.26,1360,1.38,1.64,81527,82.87,98.36,M,POUTOU,Philippe,719,0.73,0.88
357,69,RHONE,9,9ème circonscription,85755,14473,16.88,71282,83.12,1345,1.57,1.89,69937,81.55,98.11,M,POUTOU,Philippe,619,0.72,0.89
358,69,RHONE,10,10ème circonscription,89479,13543,15.14,75936,84.86,1350,1.51,1.78,74586,83.36,98.22,M,POUTOU,Philippe,622,0.7,0.83
359,69,RHONE,11,11ème circonscription,85346,13327,15.62,72019,84.38,1295,1.52,1.8,70724,82.87,98.2,M,POUTOU,Philippe,693,0.81,0.98
360,69,RHONE,12,12ème circonscription,76108,12678,16.66,63430,83.34,843,1.11,1.33,62587,82.23,98.67,M,POUTOU,Philippe,486,0.64,0.78
361,69,RHONE,13,13ème circonscription,79390,14377,18.11,65013,81.89,1096,1.38,1.69,63917,80.51,98.31,M,POUTOU,Philippe,516,0.65,0.81
362,69,RHONE,14,14ème circonscription,69973,15794,22.57,54179,77.43,1025,1.46,1.89,53154,75.96,98.11,M,POUTOU,Philippe,566,0.81,1.06
363,70,HAUTE SAONE,1,1ère circonscription,88775,14367,16.18,74408,83.82,1680,1.89,2.26,72728,81.92,97.74,M,POUTOU,Philippe,885,1.0,1.22
364,70,HAUTE SAONE,2,2ème circonscription,91871,16061,17.48,75810,82.52,2002,2.18,2.64,73808,80.34,97.36,M,POUTOU,Philippe,1114,1.21,1.51
365,71,SAONE ET LOIRE,1,1ère circonscription,72494,13863,19.12,58631,80.88,1257,1.73,2.14,57374,79.14,97.86,M,POUTOU,Philippe,605,0.83,1.05
366,71,SAONE ET LOIRE,2,2ème circonscription,81318,14637,18.0,66681,82.0,1736,2.13,2.6,64945,79.87,97.4,M,POUTOU,Philippe,806,0.99,1.24
367,71,SAONE ET LOIRE,3,3ème circonscription,83710,15145,18.09,68565,81.91,1538,1.84,2.24,67027,80.07,97.76,M,POUTOU,Philippe,844,1.01,1.26
368,71,SAONE ET LOIRE,4,4ème circonscription,81210,14767,18.18,66443,81.82,1518,1.87,2.28,64925,79.95,97.72,M,POUTOU,Philippe,855,1.05,1.32
369,71,SAONE ET LOIRE,5,5ème circonscription,91255,19165,21.0,72090,79.0,1535,1.68,2.13,70555,77.32,97.87,M,POUTOU,Philippe,861,0.94,1.22
370,72,SARTHE,1,1ère circonscription,72544,13053,17.99,59491,82.01,1381,1.9,2.32,58110,80.1,97.68,M,POUTOU,Philippe,728,1.0,1.25
371,72,SARTHE,2,2ème circonscription,83308,16734,20.09,66574,79.91,1612,1.93,2.42,64962,77.98,97.58,M,POUTOU,Philippe,795,0.95,1.22
372,72,SARTHE,3,3ème circonscription,84790,14023,16.54,70767,83.46,1806,2.13,2.55,68961,81.33,97.45,M,POUTOU,Philippe,1030,1.21,1.49
373,72,SARTHE,4,4ème circonscription,78821,13280,16.85,65541,83.15,1638,2.08,2.5,63903,81.07,97.5,M,POUTOU,Philippe,872,1.11,1.36
374,72,SARTHE,5,5ème circonscription,87395,15433,17.66,71962,82.34,1796,2.06,2.5,70166,80.29,97.5,M,POUTOU,Philippe,954,1.09,1.36
375,73,SAVOIE,1,1ère circonscription,82082,13501,16.45,68581,83.55,1278,1.56,1.86,67303,81.99,98.14,M,POUTOU,Philippe,677,0.82,1.01
376,73,SAVOIE,2,2ème circonscription,74896,13597,18.15,61299,81.85,1574,2.1,2.57,59725,79.74,97.43,M,POUTOU,Philippe,801,1.07,1.34
377,73,SAVOIE,3,3ème circonscription,70313,11267,16.02,59046,83.98,1133,1.61,1.92,57913,82.36,98.08,M,POUTOU,Philippe,722,1.03,1.25
378,73,SAVOIE,4,4ème circonscription,71494,12173,17.03,59321,82.97,1147,1.6,1.93,58174,81.37,98.07,M,POUTOU,Philippe,690,0.97,1.19
379,74,HAUTE SAVOIE,1,1ère circonscription,93012,15027,16.16,77985,83.84,1312,1.41,1.68,76673,82.43,98.32,M,POUTOU,Philippe,751,0.81,0.98
380,74,HAUTE SAVOIE,2,2ème circonscription,90282,15624,17.31,74658,82.69,1229,1.36,1.65,73429,81.33,98.35,M,POUTOU,Philippe,779,0.86,1.06
381,74,HAUTE SAVOIE,3,3ème circonscription,75148,12814,17.05,62334,82.95,1273,1.69,2.04,61061,81.25,97.96,M,POUTOU,Philippe,715,0.95,1.17
382,74,HAUTE SAVOIE,4,4ème circonscription,80428,18133,22.55,62295,77.45,1053,1.31,1.69,61242,76.15,98.31,M,POUTOU,Philippe,652,0.81,1.06
383,74,HAUTE SAVOIE,5,5ème circonscription,89879,18214,20.27,71665,79.73,1398,1.56,1.95,70267,78.18,98.05,M,POUTOU,Philippe,915,1.02,1.3
384,74,HAUTE SAVOIE,6,6ème circonscription,75925,15504,20.42,60421,79.58,1078,1.42,1.78,59343,78.16,98.22,M,POUTOU,Philippe,702,0.92,1.18
385,75,PARIS,1,1ère circonscription,76628,15063,19.66,61565,80.34,686,0.9,1.11,60879,79.45,98.89,M,POUTOU,Philippe,271,0.35,0.45
386,75,PARIS,2,2ème circonscription,71232,13159,18.47,58073,81.53,617,0.87,1.06,57456,80.66,98.94,M,POUTOU,Philippe,285,0.4,0.5
387,75,PARIS,3,3ème circonscription,64992,13368,20.57,51624,79.43,649,1.0,1.26,50975,78.43,98.74,M,POUTOU,Philippe,373,0.57,0.73
388,75,PARIS,4,4ème circonscription,67284,13207,19.63,54077,80.37,553,0.82,1.02,53524,79.55,98.98,M,POUTOU,Philippe,161,0.24,0.3
389,75,PARIS,5,5ème circonscription,70913,13828,19.5,57085,80.5,628,0.89,1.1,56457,79.61,98.9,M,POUTOU,Philippe,393,0.55,0.7
390,75,PARIS,6,6ème circonscription,73259,14165,19.34,59094,80.66,743,1.01,1.26,58351,79.65,98.74,M,POUTOU,Philippe,499,0.68,0.86
391,75,PARIS,7,7ème circonscription,72442,13475,18.6,58967,81.4,645,0.89,1.09,58322,80.51,98.91,M,POUTOU,Philippe,355,0.49,0.61
392,75,PARIS,8,8ème circonscription,80126,15572,19.43,64554,80.57,824,1.03,1.28,63730,79.54,98.72,M,POUTOU,Philippe,483,0.6,0.76
393,75,PARIS,9,9ème circonscription,66549,13396,20.13,53153,79.87,789,1.19,1.48,52364,78.68,98.52,M,POUTOU,Philippe,479,0.72,0.91
394,75,PARIS,10,10ème circonscription,66673,13677,20.51,52996,79.49,755,1.13,1.42,52241,78.35,98.58,M,POUTOU,Philippe,415,0.62,0.79
395,75,PARIS,11,11ème circonscription,69509,12762,18.36,56747,81.64,673,0.97,1.19,56074,80.67,98.81,M,POUTOU,Philippe,349,0.5,0.62
396,75,PARIS,12,12ème circonscription,71250,13415,18.83,57835,81.17,647,0.91,1.12,57188,80.26,98.88,M,POUTOU,Philippe,288,0.4,0.5
397,75,PARIS,13,13ème circonscription,72571,14066,19.38,58505,80.62,716,0.99,1.22,57789,79.63,98.78,M,POUTOU,Philippe,327,0.45,0.57
398,75,PARIS,14,14ème circonscription,69857,13498,19.32,56359,80.68,487,0.7,0.86,55872,79.98,99.14,M,POUTOU,Philippe,155,0.22,0.28
399,75,PARIS,15,15ème circonscription,73917,15384,20.81,58533,79.19,788,1.07,1.35,57745,78.12,98.65,M,POUTOU,Philippe,541,0.73,0.94
400,75,PARIS,16,16ème circonscription,66160,14527,21.96,51633,78.04,614,0.93,1.19,51019,77.11,98.81,M,POUTOU,Philippe,433,0.65,0.85
401,75,PARIS,17,17ème circonscription,54982,12903,23.47,42079,76.53,664,1.21,1.58,41415,75.32,98.42,M,POUTOU,Philippe,420,0.76,1.01
402,75,PARIS,18,18ème circonscription,64978,13290,20.45,51688,79.55,615,0.95,1.19,51073,78.6,98.81,M,POUTOU,Philippe,417,0.64,0.82
403,76,SEINE MARITIME,1,1ère circonscription,64685,13152,20.33,51533,79.67,763,1.18,1.48,50770,78.49,98.52,M,POUTOU,Philippe,504,0.78,0.99
404,76,SEINE MARITIME,2,2ème circonscription,91321,15109,16.54,76212,83.46,1272,1.39,1.67,74940,82.06,98.33,M,POUTOU,Philippe,792,0.87,1.06
405,76,SEINE MARITIME,3,3ème circonscription,69191,13522,19.54,55669,80.46,1012,1.46,1.82,54657,78.99,98.18,M,POUTOU,Philippe,717,1.04,1.31
406,76,SEINE MARITIME,4,4ème circonscription,88898,17652,19.86,71246,80.14,1436,1.62,2.02,69810,78.53,97.98,M,POUTOU,Philippe,994,1.12,1.42
407,76,SEINE MARITIME,5,5ème circonscription,94019,16689,17.75,77330,82.25,1406,1.5,1.82,75924,80.75,98.18,M,POUTOU,Philippe,1030,1.1,1.36
408,76,SEINE MARITIME,6,6ème circonscription,110282,20443,18.54,89839,81.46,1695,1.54,1.89,88144,79.93,98.11,M,POUTOU,Philippe,1035,0.94,1.17
409,76,SEINE MARITIME,7,7ème circonscription,89140,19604,21.99,69536,78.01,1536,1.72,2.21,68000,76.28,97.79,M,POUTOU,Philippe,866,0.97,1.27
410,76,SEINE MARITIME,8,8ème circonscription,70437,19053,27.05,51384,72.95,1214,1.72,2.36,50170,71.23,97.64,M,POUTOU,Philippe,703,1.0,1.4
411,76,SEINE MARITIME,9,9ème circonscription,92335,15774,17.08,76561,82.92,1485,1.61,1.94,75076,81.31,98.06,M,POUTOU,Philippe,1154,1.25,1.54
412,76,SEINE MARITIME,10,10ème circonscription,105857,16296,15.39,89561,84.61,1651,1.56,1.84,87910,83.05,98.16,M,POUTOU,Philippe,1123,1.06,1.28
413,77,SEINE ET MARNE,1,1ère circonscription,67656,15562,23.0,52094,77.0,871,1.29,1.67,51223,75.71,98.33,M,POUTOU,Philippe,463,0.68,0.9
414,77,SEINE ET MARNE,2,2ème circonscription,78737,16239,20.62,62498,79.38,1000,1.27,1.6,61498,78.11,98.4,M,POUTOU,Philippe,628,0.8,1.02
415,77,SEINE ET MARNE,3,3ème circonscription,72363,14473,20.0,57890,80.0,1082,1.5,1.87,56808,78.5,98.13,M,POUTOU,Philippe,628,0.87,1.11
416,77,SEINE ET MARNE,4,4ème circonscription,85018,17075,20.08,67943,79.92,1221,1.44,1.8,66722,78.48,98.2,M,POUTOU,Philippe,777,0.91,1.16
417,77,SEINE ET MARNE,5,5ème circonscription,78816,17017,21.59,61799,78.41,1001,1.27,1.62,60798,77.14,98.38,M,POUTOU,Philippe,697,0.88,1.15
418,77,SEINE ET MARNE,6,6ème circonscription,73813,15784,21.38,58029,78.62,1044,1.41,1.8,56985,77.2,98.2,M,POUTOU,Philippe,598,0.81,1.05
419,77,SEINE ET MARNE,7,7ème circonscription,81797,18547,22.67,63250,77.33,1046,1.28,1.65,62204,76.05,98.35,M,POUTOU,Philippe,579,0.71,0.93
420,77,SEINE ET MARNE,8,8ème circonscription,82707,18685,22.59,64022,77.41,1070,1.29,1.67,62952,76.11,98.33,M,POUTOU,Philippe,566,0.68,0.9
421,77,SEINE ET MARNE,9,9ème circonscription,82075,19077,23.24,62998,76.76,1075,1.31,1.71,61923,75.45,98.29,M,POUTOU,Philippe,612,0.75,0.99
422,77,SEINE ET MARNE,10,10ème circonscription,78227,18974,24.26,59253,75.74,1026,1.31,1.73,58227,74.43,98.27,M,POUTOU,Philippe,557,0.71,0.96
423,77,SEINE ET MARNE,11,11ème circonscription,62464,14964,23.96,47500,76.04,1042,1.67,2.19,46458,74.38,97.81,M,POUTOU,Philippe,479,0.77,1.03
424,78,YVELINES,1,1ère circonscription,81999,17053,20.8,64946,79.2,923,1.13,1.42,64023,78.08,98.58,M,POUTOU,Philippe,441,0.54,0.69
425,78,YVELINES,2,2ème circonscription,83055,16093,19.38,66962,80.62,978,1.18,1.46,65984,79.45,98.54,M,POUTOU,Philippe,468,0.56,0.71
426,78,YVELINES,3,3ème circonscription,81513,16767,20.57,64746,79.43,807,0.99,1.25,63939,78.44,98.75,M,POUTOU,Philippe,383,0.47,0.6
427,78,YVELINES,4,4ème circonscription,76770,16120,21.0,60650,79.0,787,1.03,1.3,59863,77.98,98.7,M,POUTOU,Philippe,421,0.55,0.7
428,78,YVELINES,5,5ème circonscription,72022,16231,22.54,55791,77.46,798,1.11,1.43,54993,76.36,98.57,M,POUTOU,Philippe,387,0.54,0.7
429,78,YVELINES,6,6ème circonscription,74012,17433,23.55,56579,76.45,781,1.06,1.38,55798,75.39,98.62,M,POUTOU,Philippe,356,0.48,0.64
430,78,YVELINES,7,7ème circonscription,78349,17169,21.91,61180,78.09,1004,1.28,1.64,60176,76.81,98.36,M,POUTOU,Philippe,544,0.69,0.9
431,78,YVELINES,8,8ème circonscription,71073,16743,23.56,54330,76.44,1017,1.43,1.87,53313,75.01,98.13,M,POUTOU,Philippe,509,0.72,0.95
432,78,YVELINES,9,9ème circonscription,89222,18404,20.63,70818,79.37,1201,1.35,1.7,69617,78.03,98.3,M,POUTOU,Philippe,723,0.81,1.04
433,78,YVELINES,10,10ème circonscription,86660,15787,18.22,70873,81.78,1081,1.25,1.53,69792,80.54,98.47,M,POUTOU,Philippe,575,0.66,0.82
434,78,YVELINES,11,11ème circonscription,65593,15008,22.88,50585,77.12,891,1.36,1.76,49694,75.76,98.24,M,POUTOU,Philippe,447,0.68,0.9
435,78,YVELINES,12,12ème circonscription,66351,13432,20.24,52919,79.76,798,1.2,1.51,52121,78.55,98.49,M,POUTOU,Philippe,466,0.7,0.89
436,79,DEUX SEVRES,1,1ère circonscription,88418,15200,17.19,73218,82.81,1544,1.75,2.11,71674,81.06,97.89,M,POUTOU,Philippe,1040,1.18,1.45
437,79,DEUX SEVRES,2,2ème circonscription,97194,15046,15.48,82148,84.52,1939,1.99,2.36,80209,82.52,97.64,M,POUTOU,Philippe,1367,1.41,1.7
438,79,DEUX SEVRES,3,3ème circonscription,85099,13350,15.69,71749,84.31,1917,2.25,2.67,69832,82.06,97.33,M,POUTOU,Philippe,1143,1.34,1.64
439,80,SOMME,1,1ère circonscription,84976,17592,20.7,67384,79.3,1174,1.38,1.74,66210,77.92,98.26,M,POUTOU,Philippe,782,0.92,1.18
440,80,SOMME,2,2ème circonscription,74997,15665,20.89,59332,79.11,940,1.25,1.58,58392,77.86,98.42,M,POUTOU,Philippe,584,0.78,1.0
441,80,SOMME,3,3ème circonscription,84633,13194,15.59,71439,84.41,1461,1.73,2.05,69978,82.68,97.95,M,POUTOU,Philippe,881,1.04,1.26
442,80,SOMME,4,4ème circonscription,82862,13383,16.15,69479,83.85,1290,1.56,1.86,68189,82.29,98.14,M,POUTOU,Philippe,956,1.15,1.4
443,80,SOMME,5,5ème circonscription,81976,14461,17.64,67515,82.36,1147,1.4,1.7,66368,80.96,98.3,M,POUTOU,Philippe,1019,1.24,1.54
444,81,TARN,1,1ère circonscription,83047,12393,14.92,70654,85.08,1689,2.03,2.39,68965,83.04,97.61,M,POUTOU,Philippe,845,1.02,1.23
445,81,TARN,2,2ème circonscription,102399,15210,14.85,87189,85.15,1804,1.76,2.07,85385,83.38,97.93,M,POUTOU,Philippe,1065,1.04,1.25
446,81,TARN,3,3ème circonscription,98438,14221,14.45,84217,85.55,1853,1.88,2.2,82364,83.67,97.8,M,POUTOU,Philippe,1052,1.07,1.28
447,82,TARN ET GARONNE,1,1ère circonscription,86086,13076,15.19,73010,84.81,1510,1.75,2.07,71500,83.06,97.93,M,POUTOU,Philippe,832,0.97,1.16
448,82,TARN ET GARONNE,2,2ème circonscription,89226,13226,14.82,76000,85.18,1656,1.86,2.18,74344,83.32,97.82,M,POUTOU,Philippe,937,1.05,1.26
449,83,VAR,1,1ère circonscription,73565,16538,22.48,57027,77.52,828,1.13,1.45,56199,76.39,98.55,M,POUTOU,Philippe,474,0.64,0.84
450,83,VAR,2,2ème circonscription,86851,17231,19.84,69620,80.16,1199,1.38,1.72,68421,78.78,98.28,M,POUTOU,Philippe,665,0.77,0.97
451,83,VAR,3,3ème circonscription,97658,18582,19.03,79076,80.97,1264,1.29,1.6,77812,79.68,98.4,M,POUTOU,Philippe,643,0.66,0.83
452,83,VAR,4,4ème circonscription,99243,18210,18.35,81033,81.65,1268,1.28,1.56,79765,80.37,98.44,M,POUTOU,Philippe,704,0.71,0.88
453,83,VAR,5,5ème circonscription,90985,17309,19.02,73676,80.98,1020,1.12,1.38,72656,79.85,98.62,M,POUTOU,Philippe,518,0.57,0.71
454,83,VAR,6,6ème circonscription,108002,19145,17.73,88857,82.27,1402,1.3,1.58,87455,80.98,98.42,M,POUTOU,Philippe,825,0.76,0.94
455,83,VAR,7,7ème circonscription,101188,21368,21.12,79820,78.88,1171,1.16,1.47,78649,77.73,98.53,M,POUTOU,Philippe,640,0.63,0.81
456,83,VAR,8,8ème circonscription,99688,18634,18.69,81054,81.31,1281,1.29,1.58,79773,80.02,98.42,M,POUTOU,Philippe,770,0.77,0.97
457,84,VAUCLUSE,1,1ère circonscription,72365,15194,21.0,57171,79.0,922,1.27,1.61,56249,77.73,98.39,M,POUTOU,Philippe,513,0.71,0.91
458,84,VAUCLUSE,2,2ème circonscription,80323,13653,17.0,66670,83.0,1158,1.44,1.74,65512,81.56,98.26,M,POUTOU,Philippe,635,0.79,0.97
459,84,VAUCLUSE,3,3ème circonscription,70881,12120,17.1,58761,82.9,954,1.35,1.62,57807,81.56,98.38,M,POUTOU,Philippe,551,0.78,0.95
460,84,VAUCLUSE,4,4ème circonscription,86044,14925,17.35,71119,82.65,1384,1.61,1.95,69735,81.05,98.05,M,POUTOU,Philippe,609,0.71,0.87
461,84,VAUCLUSE,5,5ème circonscription,78439,13725,17.5,64714,82.5,1128,1.44,1.74,63586,81.06,98.26,M,POUTOU,Philippe,673,0.86,1.06
462,85,VENDEE,1,1ère circonscription,102054,14736,14.44,87318,85.56,2071,2.03,2.37,85247,83.53,97.63,M,POUTOU,Philippe,1235,1.21,1.45
463,85,VENDEE,2,2ème circonscription,97819,14002,14.31,83817,85.69,1914,1.96,2.28,81903,83.73,97.72,M,POUTOU,Philippe,1151,1.18,1.41
464,85,VENDEE,3,3ème circonscription,113883,18925,16.62,94958,83.38,1863,1.64,1.96,93095,81.75,98.04,M,POUTOU,Philippe,1229,1.08,1.32
465,85,VENDEE,4,4ème circonscription,94459,11793,12.48,82666,87.52,2317,2.45,2.8,80349,85.06,97.2,M,POUTOU,Philippe,1274,1.35,1.59
466,85,VENDEE,5,5ème circonscription,80604,12262,15.21,68342,84.79,1552,1.93,2.27,66790,82.86,97.73,M,POUTOU,Philippe,1004,1.25,1.5
467,86,VIENNE,1,1ère circonscription,77162,13312,17.25,63850,82.75,1248,1.62,1.95,62602,81.13,98.05,M,POUTOU,Philippe,796,1.03,1.27
468,86,VIENNE,2,2ème circonscription,75551,12747,16.87,62804,83.13,1190,1.58,1.89,61614,81.55,98.11,M,POUTOU,Philippe,776,1.03,1.26
469,86,VIENNE,3,3ème circonscription,74858,11924,15.93,62934,84.07,1506,2.01,2.39,61428,82.06,97.61,M,POUTOU,Philippe,936,1.25,1.52
470,86,VIENNE,4,4ème circonscription,76082,14574,19.16,61508,80.84,1462,1.92,2.38,60046,78.92,97.62,M,POUTOU,Philippe,813,1.07,1.35
471,87,HAUTE VIENNE,1,1ère circonscription,84655,13613,16.08,71042,83.92,1501,1.77,2.11,69541,82.15,97.89,M,POUTOU,Philippe,813,0.96,1.17
472,87,HAUTE VIENNE,2,2ème circonscription,96684,14096,14.58,82588,85.42,1874,1.94,2.27,80714,83.48,97.73,M,POUTOU,Philippe,960,0.99,1.19
473,87,HAUTE VIENNE,3,3ème circonscription,83575,13316,15.93,70259,84.07,2575,3.08,3.67,67684,80.99,96.33,M,POUTOU,Philippe,868,1.04,1.28
474,88,VOSGES,1,1ère circonscription,76569,14296,18.67,62273,81.33,1335,1.74,2.14,60938,79.59,97.86,M,POUTOU,Philippe,821,1.07,1.35
475,88,VOSGES,2,2ème circonscription,74246,13725,18.49,60521,81.51,1337,1.8,2.21,59184,79.71,97.79,M,POUTOU,Philippe,926,1.25,1.56
476,88,VOSGES,3,3ème circonscription,66692,11498,17.24,55194,82.76,1390,2.08,2.52,53804,80.68,97.48,M,POUTOU,Philippe,989,1.48,1.84
477,88,VOSGES,4,4ème circonscription,67903,11815,17.4,56088,82.6,1112,1.64,1.98,54976,80.96,98.02,M,POUTOU,Philippe,837,1.23,1.52
478,89,YONNE,1,1ère circonscription,78386,14403,18.37,63983,81.63,1166,1.49,1.82,62817,80.14,98.18,M,POUTOU,Philippe,745,0.95,1.19
479,89,YONNE,2,2ème circonscription,77724,14411,18.54,63313,81.46,1078,1.39,1.7,62235,80.07,98.3,M,POUTOU,Philippe,838,1.08,1.35
480,89,YONNE,3,3ème circonscription,89148,18421,20.66,70727,79.34,1303,1.46,1.84,69424,77.87,98.16,M,POUTOU,Philippe,894,1.0,1.29
481,90,TERRITOIRE DE BELFORT,1,1ère circonscription,47161,9019,19.12,38142,80.88,754,1.6,1.98,37388,79.28,98.02,M,POUTOU,Philippe,483,1.02,1.29
482,90,TERRITOIRE DE BELFORT,2,2ème circonscription,47728,9363,19.62,38365,80.38,830,1.74,2.16,37535,78.64,97.84,M,POUTOU,Philippe,505,1.06,1.35
483,91,ESSONNE,1,1ère circonscription,70316,17733,25.22,52583,74.78,1009,1.43,1.92,51574,73.35,98.08,M,POUTOU,Philippe,528,0.75,1.02
484,91,ESSONNE,2,2ème circonscription,87069,16675,19.15,70394,80.85,1275,1.46,1.81,69119,79.38,98.19,M,POUTOU,Philippe,749,0.86,1.08
485,91,ESSONNE,3,3ème circonscription,91957,17947,19.52,74010,80.48,1247,1.36,1.68,72763,79.13,98.32,M,POUTOU,Philippe,778,0.85,1.07
486,91,ESSONNE,4,4ème circonscription,92043,17595,19.12,74448,80.88,1218,1.32,1.64,73230,79.56,98.36,M,POUTOU,Philippe,735,0.8,1.0
487,91,ESSONNE,5,5ème circonscription,66536,12344,18.55,54192,81.45,789,1.19,1.46,53403,80.26,98.54,M,POUTOU,Philippe,409,0.61,0.77
488,91,ESSONNE,6,6ème circonscription,76035,15652,20.59,60383,79.41,981,1.29,1.62,59402,78.12,98.38,M,POUTOU,Philippe,515,0.68,0.87
489,91,ESSONNE,7,7ème circonscription,71597,15562,21.74,56035,78.26,1013,1.41,1.81,55022,76.85,98.19,M,POUTOU,Philippe,528,0.74,0.96
490,91,ESSONNE,8,8ème circonscription,75214,16083,21.38,59131,78.62,776,1.03,1.31,58355,77.59,98.69,M,POUTOU,Philippe,438,0.58,0.75
491,91,ESSONNE,9,9ème circonscription,75942,16044,21.13,59898,78.87,1010,1.33,1.69,58888,77.54,98.31,M,POUTOU,Philippe,508,0.67,0.86
492,91,ESSONNE,10,10ème circonscription,60583,14129,23.32,46454,76.68,959,1.58,2.06,45495,75.1,97.94,M,POUTOU,Philippe,403,0.67,0.89
493,92,HAUTS DE SEINE,1,1ère circonscription,59623,15083,25.3,44540,74.7,922,1.55,2.07,43618,73.16,97.93,M,POUTOU,Philippe,451,0.76,1.03
494,92,HAUTS DE SEINE,2,2ème circonscription,63482,12969,20.43,50513,79.57,687,1.08,1.36,49826,78.49,98.64,M,POUTOU,Philippe,335,0.53,0.67
495,92,HAUTS DE SEINE,3,3ème circonscription,76507,16513,21.58,59994,78.42,982,1.28,1.64,59012,77.13,98.36,M,POUTOU,Philippe,320,0.42,0.54
496,92,HAUTS DE SEINE,4,4ème circonscription,70765,15545,21.97,55220,78.03,1079,1.52,1.95,54141,76.51,98.05,M,POUTOU,Philippe,471,0.67,0.87
497,92,HAUTS DE SEINE,5,5ème circonscription,68723,14082,20.49,54641,79.51,812,1.18,1.49,53829,78.33,98.51,M,POUTOU,Philippe,377,0.55,0.7
498,92,HAUTS DE SEINE,6,6ème circonscription,73307,13446,18.34,59861,81.66,869,1.19,1.45,58992,80.47,98.55,M,POUTOU,Philippe,287,0.39,0.49
499,92,HAUTS DE SEINE,7,7ème circonscription,83746,16570,19.79,67176,80.21,900,1.07,1.34,66276,79.14,98.66,M,POUTOU,Philippe,376,0.45,0.57
500,92,HAUTS DE SEINE,8,8ème circonscription,66906,13096,19.57,53810,80.43,792,1.18,1.47,53018,79.24,98.53,M,POUTOU,Philippe,311,0.46,0.59
501,92,HAUTS DE SEINE,9,9ème circonscription,60995,11903,19.51,49092,80.49,686,1.12,1.4,48406,79.36,98.6,M,POUTOU,Philippe,196,0.32,0.4
502,92,HAUTS DE SEINE,10,10ème circonscription,71664,15086,21.05,56578,78.95,868,1.21,1.53,55710,77.74,98.47,M,POUTOU,Philippe,363,0.51,0.65
503,92,HAUTS DE SEINE,11,11ème circonscription,67311,14376,21.36,52935,78.64,777,1.15,1.47,52158,77.49,98.53,M,POUTOU,Philippe,504,0.75,0.97
504,92,HAUTS DE SEINE,12,12ème circonscription,89771,17948,19.99,71823,80.01,1103,1.23,1.54,70720,78.78,98.46,M,POUTOU,Philippe,604,0.67,0.85
505,92,HAUTS DE SEINE,13,13ème circonscription,85738,16543,19.29,69195,80.71,1249,1.46,1.81,67946,79.25,98.19,M,POUTOU,Philippe,436,0.51,0.64
506,93,SEINE SAINT-DENIS,1,1ère circonscription,55097,15370,27.9,39727,72.1,682,1.24,1.72,39045,70.87,98.28,M,POUTOU,Philippe,376,0.68,0.96
507,93,SEINE SAINT-DENIS,2,2ème circonscription,51694,15715,30.4,35979,69.6,723,1.4,2.01,35256,68.2,97.99,M,POUTOU,Philippe,394,0.76,1.12
508,93,SEINE SAINT-DENIS,3,3ème circonscription,70622,16071,22.76,54551,77.24,994,1.41,1.82,53557,75.84,98.18,M,POUTOU,Philippe,501,0.71,0.94
509,93,SEINE SAINT-DENIS,4,4ème circonscription,60063,17173,28.59,42890,71.41,1050,1.75,2.45,41840,69.66,97.55,M,POUTOU,Philippe,368,0.61,0.88
510,93,SEINE SAINT-DENIS,5,5ème circonscription,62178,18057,29.04,44121,70.96,849,1.37,1.92,43272,69.59,98.08,M,POUTOU,Philippe,443,0.71,1.02
511,93,SEINE SAINT-DENIS,6,6ème circonscription,49896,13747,27.55,36149,72.45,681,1.36,1.88,35468,71.08,98.12,M,POUTOU,Philippe,326,0.65,0.92
512,93,SEINE SAINT-DENIS,7,7ème circonscription,71196,19023,26.72,52173,73.28,800,1.12,1.53,51373,72.16,98.47,M,POUTOU,Philippe,554,0.78,1.08
513,93,SEINE SAINT-DENIS,8,8ème circonscription,60079,14069,23.42,46010,76.58,918,1.53,2.0,45092,75.05,98.0,M,POUTOU,Philippe,372,0.62,0.82
514,93,SEINE SAINT-DENIS,9,9ème circonscription,66448,16621,25.01,49827,74.99,815,1.23,1.64,49012,73.76,98.36,M,POUTOU,Philippe,431,0.65,0.88
515,93,SEINE SAINT-DENIS,10,10ème circonscription,66951,17747,26.51,49204,73.49,900,1.34,1.83,48304,72.15,98.17,M,POUTOU,Philippe,406,0.61,0.84
516,93,SEINE SAINT-DENIS,11,11ème circonscription,61966,16799,27.11,45167,72.89,914,1.48,2.02,44253,71.41,97.98,M,POUTOU,Philippe,388,0.63,0.88
517,93,SEINE SAINT-DENIS,12,12ème circonscription,64346,16125,25.06,48221,74.94,778,1.21,1.61,47443,73.73,98.39,M,POUTOU,Philippe,377,0.59,0.79
518,94,VAL DE MARNE,1,1ère circonscription,82541,16950,20.54,65591,79.46,955,1.16,1.46,64636,78.31,98.54,M,POUTOU,Philippe,438,0.53,0.68
519,94,VAL DE MARNE,2,2ème circonscription,64960,14927,22.98,50033,77.02,924,1.42,1.85,49109,75.6,98.15,M,POUTOU,Philippe,449,0.69,0.91
520,94,VAL DE MARNE,3,3ème circonscription,70692,16314,23.08,54378,76.92,950,1.34,1.75,53428,75.58,98.25,M,POUTOU,Philippe,470,0.66,0.88
521,94,VAL DE MARNE,4,4ème circonscription,71770,15254,21.25,56516,78.75,935,1.3,1.65,55581,77.44,98.35,M,POUTOU,Philippe,428,0.6,0.77
522,94,VAL DE MARNE,5,5ème circonscription,85891,20450,23.81,65441,76.19,935,1.09,1.43,64506,75.1,98.57,M,POUTOU,Philippe,479,0.56,0.74
523,94,VAL DE MARNE,6,6ème circonscription,77865,16257,20.88,61608,79.12,757,0.97,1.23,60851,78.15,98.77,M,POUTOU,Philippe,416,0.53,0.68
524,94,VAL DE MARNE,7,7ème circonscription,63673,14114,22.17,49559,77.83,842,1.32,1.7,48717,76.51,98.3,M,POUTOU,Philippe,439,0.69,0.9
525,94,VAL DE MARNE,8,8ème circonscription,73706,15480,21.0,58226,79.0,876,1.19,1.5,57350,77.81,98.5,M,POUTOU,Philippe,443,0.6,0.77
526,94,VAL DE MARNE,9,9ème circonscription,53275,13114,24.62,40161,75.38,765,1.44,1.9,39396,73.95,98.1,M,POUTOU,Philippe,411,0.77,1.04
527,94,VAL DE MARNE,10,10ème circonscription,63291,15271,24.13,48020,75.87,782,1.24,1.63,47238,74.64,98.37,M,POUTOU,Philippe,514,0.81,1.09
528,94,VAL DE MARNE,11,11ème circonscription,59907,14577,24.33,45330,75.67,780,1.3,1.72,44550,74.37,98.28,M,POUTOU,Philippe,459,0.77,1.03
529,95,VAL D'OISE,1,1ère circonscription,78589,15371,19.56,63218,80.44,1074,1.37,1.7,62144,79.07,98.3,M,POUTOU,Philippe,716,0.91,1.15
530,95,VAL D'OISE,2,2ème circonscription,73354,15057,20.53,58297,79.47,1011,1.38,1.73,57286,78.1,98.27,M,POUTOU,Philippe,593,0.81,1.04
531,95,VAL D'OISE,3,3ème circonscription,87927,20091,22.85,67836,77.15,1151,1.31,1.7,66685,75.84,98.3,M,POUTOU,Philippe,578,0.66,0.87
532,95,VAL D'OISE,4,4ème circonscription,72471,16089,22.2,56382,77.8,907,1.25,1.61,55475,76.55,98.39,M,POUTOU,Philippe,520,0.72,0.94
533,95,VAL D'OISE,5,5ème circonscription,67998,17928,26.37,50070,73.63,916,1.35,1.83,49154,72.29,98.17,M,POUTOU,Philippe,499,0.73,1.02
534,95,VAL D'OISE,6,6ème circonscription,74545,17601,23.61,56944,76.39,909,1.22,1.6,56035,75.17,98.4,M,POUTOU,Philippe,459,0.62,0.82
535,95,VAL D'OISE,7,7ème circonscription,67663,15346,22.68,52317,77.32,853,1.26,1.63,51464,76.06,98.37,M,POUTOU,Philippe,428,0.63,0.83
536,95,VAL D'OISE,8,8ème circonscription,52049,14284,27.44,37765,72.56,862,1.66,2.28,36903,70.9,97.72,M,POUTOU,Philippe,320,0.61,0.87
537,95,VAL D'OISE,9,9ème circonscription,67551,16210,24.0,51341,76.0,1063,1.57,2.07,50278,74.43,97.93,M,POUTOU,Philippe,471,0.7,0.94
538,95,VAL D'OISE,10,10ème circonscription,62663,14366,22.93,48297,77.07,1006,1.61,2.08,47291,75.47,97.92,M,POUTOU,Philippe,525,0.84,1.11
539,ZA,GUADELOUPE,1,1ère circonscription,72685,35228,48.47,37457,51.53,2915,4.01,7.78,34542,47.52,92.22,M,POUTOU,Philippe,249,0.34,0.72
540,ZA,GUADELOUPE,2,2ème circonscription,81396,39232,48.2,42164,51.8,2970,3.65,7.04,39194,48.15,92.96,M,POUTOU,Philippe,309,0.38,0.79
541,ZA,GUADELOUPE,3,3ème circonscription,76834,36624,47.67,40210,52.33,2676,3.48,6.66,37534,48.85,93.34,M,POUTOU,Philippe,326,0.42,0.87
542,ZA,GUADELOUPE,4,4ème circonscription,67193,30501,45.39,36692,54.61,2803,4.17,7.64,33889,50.44,92.36,M,POUTOU,Philippe,267,0.4,0.79
543,ZB,MARTINIQUE,1,1ère circonscription,76407,33951,44.43,42456,55.57,3579,4.68,8.43,38877,50.88,91.57,M,POUTOU,Philippe,448,0.59,1.15
544,ZB,MARTINIQUE,2,2ème circonscription,81656,37397,45.8,44259,54.2,3422,4.19,7.73,40837,50.01,92.27,M,POUTOU,Philippe,448,0.55,1.1
545,ZB,MARTINIQUE,3,3ème circonscription,65906,32780,49.74,33126,50.26,2679,4.06,8.09,30447,46.2,91.91,M,POUTOU,Philippe,361,0.55,1.19
546,ZB,MARTINIQUE,4,4ème circonscription,78934,39998,50.67,38936,49.33,2827,3.58,7.26,36109,45.75,92.74,M,POUTOU,Philippe,455,0.58,1.26
547,ZC,GUYANE,1,1ère circonscription,46084,21672,47.03,24412,52.97,1092,2.37,4.47,23320,50.6,95.53,M,POUTOU,Philippe,313,0.68,1.34
548,ZC,GUYANE,2,2ème circonscription,30790,16034,52.08,14756,47.92,664,2.16,4.5,14092,45.77,95.5,M,POUTOU,Philippe,166,0.54,1.18
549,ZD,LA REUNION,1,1ère circonscription,73748,25364,34.39,48384,65.61,1512,2.05,3.13,46872,63.56,96.88,M,POUTOU,Philippe,381,0.52,0.81
550,ZD,LA REUNION,2,2ème circonscription,83925,29214,34.81,54711,65.19,2447,2.92,4.47,52264,62.27,95.53,M,POUTOU,Philippe,503,0.6,0.96
551,ZD,LA REUNION,3,3ème circonscription,83635,27665,33.08,55970,66.92,2629,3.14,4.7,53341,63.78,95.3,M,POUTOU,Philippe,488,0.58,0.91
552,ZD,LA REUNION,4,4ème circonscription,94808,29137,30.73,65671,69.27,2687,2.83,4.09,62984,66.43,95.91,M,POUTOU,Philippe,562,0.59,0.89
553,ZD,LA REUNION,5,5ème circonscription,75680,28796,38.05,46884,61.95,1740,2.3,3.71,45144,59.65,96.29,M,POUTOU,Philippe,352,0.47,0.78
554,ZD,LA REUNION,6,6ème circonscription,67693,25055,37.01,42638,62.99,1556,2.3,3.65,41082,60.69,96.35,M,POUTOU,Philippe,342,0.51,0.83
555,ZD,LA REUNION,7,7ème circonscription,98920,33790,34.16,65130,65.84,2732,2.76,4.19,62398,63.08,95.81,M,POUTOU,Philippe,542,0.55,0.87
556,ZM,MAYOTTE,1,1ère circonscription,35496,19003,53.54,16493,46.46,736,2.07,4.46,15757,44.39,95.54,M,POUTOU,Philippe,139,0.39,0.88
557,ZM,MAYOTTE,2,2ème circonscription,41917,20728,49.45,21189,50.55,963,2.3,4.54,20226,48.25,95.46,M,POUTOU,Philippe,160,0.38,0.79
558,ZN,NOUVELLE CALEDONIE,1,1ère circonscription,76323,34093,44.67,42230,55.33,881,1.15,2.09,41349,54.18,97.91,M,POUTOU,Philippe,360,0.47,0.87
559,ZN,NOUVELLE CALEDONIE,2,2ème circonscription,89144,39746,44.59,49398,55.41,1488,1.67,3.01,47910,53.74,96.99,M,POUTOU,Philippe,514,0.58,1.07
560,ZP,POLYNESIE FRANCAISE,1,1ère circonscription,67166,33407,49.74,33759,50.26,788,1.17,2.33,32971,49.09,97.67,M,POUTOU,Philippe,198,0.29,0.6
561,ZP,POLYNESIE FRANCAISE,2,2ème circonscription,59397,31164,52.47,28233,47.53,722,1.22,2.56,27511,46.32,97.44,M,POUTOU,Philippe,164,0.28,0.6
562,ZP,POLYNESIE FRANCAISE,3,3ème circonscription,60079,29971,49.89,30108,50.11,771,1.28,2.56,29337,48.83,97.44,M,POUTOU,Philippe,170,0.28,0.58
563,ZS,SAINT PIERRE ET MIQUELON,1,Saint-Pierre-et-Miquelon,4923,2193,44.55,2730,55.45,99,2.01,3.63,2631,53.44,96.37,M,POUTOU,Philippe,103,2.09,3.91
564,ZW,WALLIS-ET-FUTUNA,1,1ère circonscription,8940,2494,27.9,6446,72.1,39,0.44,0.61,6407,71.67,99.39,M,POUTOU,Philippe,42,0.47,0.66
565,ZX,SAINT-MARTIN/SAINT-BARTHELEMY,1,1ère circonscription,22685,14408,63.51,8277,36.49,244,1.08,2.95,8033,35.41,97.05,M,POUTOU,Philippe,85,0.37,1.06
566,ZZ,FRANCAIS DE L'ETRANGER,1,1ère circonscription,157767,104831,66.45,52936,33.55,542,0.34,1.02,52394,33.21,98.98,M,POUTOU,Philippe,321,0.2,0.61
567,ZZ,FRANCAIS DE L'ETRANGER,2,2ème circonscription,73912,52648,71.23,21264,28.77,363,0.49,1.71,20901,28.28,98.29,M,POUTOU,Philippe,152,0.21,0.73
568,ZZ,FRANCAIS DE L'ETRANGER,3,3ème circonscription,88133,59723,67.76,28410,32.24,269,0.31,0.95,28141,31.93,99.05,M,POUTOU,Philippe,204,0.23,0.72
569,ZZ,FRANCAIS DE L'ETRANGER,4,4ème circonscription,95182,46980,49.36,48202,50.64,432,0.45,0.9,47770,50.19,99.1,M,POUTOU,Philippe,370,0.39,0.77
570,ZZ,FRANCAIS DE L'ETRANGER,5,5ème circonscription,80761,53215,65.89,27546,34.11,305,0.38,1.11,27241,33.73,98.89,M,POUTOU,Philippe,253,0.31,0.93
571,ZZ,FRANCAIS DE L'ETRANGER,6,6ème circonscription,79508,29458,37.05,50050,62.95,514,0.65,1.03,49536,62.3,98.97,M,POUTOU,Philippe,488,0.61,0.99
572,ZZ,FRANCAIS DE L'ETRANGER,7,7ème circonscription,89643,54981,61.33,34662,38.67,318,0.35,0.92,34344,38.31,99.08,M,POUTOU,Philippe,248,0.28,0.72
573,ZZ,FRANCAIS DE L'ETRANGER,8,8ème circonscription,109763,84466,76.95,25297,23.05,292,0.27,1.15,25005,22.78,98.85,M,POUTOU,Philippe,203,0.18,0.81
574,ZZ,FRANCAIS DE L'ETRANGER,9,9ème circonscription,98997,59887,60.49,39110,39.51,321,0.32,0.82,38789,39.18,99.18,M,POUTOU,Philippe,209,0.21,0.54
575,ZZ,FRANCAIS DE L'ETRANGER,10,10ème circonscription,89859,46782,52.06,43077,47.94,566,0.63,1.31,42511,47.31,98.69,M,POUTOU,Philippe,206,0.23,0.48
576,ZZ,FRANCAIS DE L'ETRANGER,11,11ème circonscription,80061,42911,53.6,37150,46.4,488,0.61,1.31,36662,45.79,98.69,M,POUTOU,Philippe,189,0.24,0.52
